order_id,customer_id,order_date,product_id,product_name,product_price,quantity
1,865,2023-08-19,50,land,77.01,7
2,42,2023-06-21,34,believe,96.72,8
3,415,2023-07-15,39,citizen,96.94,6
4,598,2022-11-25,28,company,52.95,5
5,144,2023-03-29,97,long,14.01,5
6,932,2023-08-13,69,something,98.36,10
7,924,2022-12-10,19,five,34.46,2
8,921,2023-03-12,88,marriage,36.37,9
9,104,2022-11-28,46,reality,46.25,10
10,656,2023-02-28,27,represent,96.83,8
11,454,2023-09-14,67,finally,29.75,9
12,938,2023-06-14,2,learn,13.86,7
13,728,2023-02-18,86,with,64.4,10
14,506,2023-09-26,43,treat,28.17,6
15,721,2023-08-11,9,woman,23.15,10
16,228,2023-04-23,31,foreign,81.32,3
17,823,2023-07-30,70,challenge,47.56,2
18,328,2023-08-16,66,market,99.81,8
19,112,2023-01-15,39,girl,57.37,2
20,561,2023-08-24,43,candidate,82.37,9
21,209,2023-07-25,78,beautiful,56.99,5
22,456,2022-11-17,12,rich,61.65,7
23,325,2022-10-20,74,provide,28.0,3
24,194,2022-11-12,24,main,8.13,5
25,488,2023-04-24,9,issue,13.53,3
26,898,2022-12-29,20,effort,92.72,2
27,920,2022-12-19,90,number,92.69,9
28,700,2023-07-26,51,customer,84.6,9
29,283,2023-07-13,67,event,82.1,4
30,917,2023-03-27,87,together,61.03,7
31,594,2023-04-02,36,hope,47.8,6
32,85,2023-08-06,42,serve,63.21,8
33,602,2023-05-06,81,now,36.85,4
34,249,2022-11-27,3,item,74.49,2
35,723,2023-04-03,29,choice,40.35,3
36,341,2022-10-18,55,since,82.51,2
37,802,2023-04-28,19,training,86.26,4
38,47,2023-08-30,74,or,65.25,9
39,617,2023-06-20,88,scene,12.03,2
40,651,2022-12-20,25,with,62.6,10
41,123,2022-11-09,51,top,13.7,2
42,38,2022-10-02,78,another,7.06,3
43,736,2022-10-11,16,future,50.53,1
44,960,2023-09-17,87,red,7.16,7
45,636,2023-03-22,13,help,84.41,2
46,227,2023-07-22,10,she,66.46,6
47,447,2023-09-23,24,according,10.8,8
48,41,2022-12-01,77,citizen,14.59,7
49,205,2023-03-01,34,same,39.06,8
50,859,2023-07-04,73,chair,21.1,4
51,990,2022-10-14,99,research,10.51,3
52,866,2023-05-08,21,billion,37.52,5
53,121,2023-07-14,77,issue,92.53,3
54,14,2022-11-14,61,instead,69.72,10
55,896,2023-08-30,66,boy,92.16,6
56,398,2023-08-22,85,budget,28.84,9
57,708,2022-12-27,2,everyone,48.51,2
58,344,2022-10-08,95,bag,9.34,5
59,139,2023-06-16,31,add,77.41,8
60,361,2023-09-11,79,government,32.35,6
61,605,2022-12-14,82,guess,86.11,3
62,733,2022-11-15,40,history,41.86,7
63,849,2022-12-02,84,middle,12.67,10
64,197,2022-10-10,90,adult,36.77,4
65,229,2023-06-08,82,scene,47.57,10
66,896,2023-04-28,54,memory,8.0,10
67,429,2022-10-10,99,argue,67.91,1
68,170,2023-04-20,58,yet,11.07,3
69,458,2023-07-27,68,scientist,89.07,9
70,619,2023-09-20,97,teacher,5.01,1
71,507,2023-05-31,42,standard,34.65,8
72,52,2023-08-01,54,tree,22.86,2
73,858,2022-10-27,93,list,17.4,1
74,412,2022-12-23,87,new,44.66,1
75,219,2022-10-28,2,type,73.15,1
76,843,2023-04-11,87,yeah,55.19,2
77,196,2023-06-22,16,audience,62.79,4
78,895,2023-01-06,39,year,31.6,3
79,103,2022-11-10,61,effort,86.12,7
80,643,2022-12-20,11,seven,7.08,8
81,820,2023-07-08,15,spring,86.83,3
82,670,2023-05-27,67,note,82.64,6
83,118,2023-03-05,20,fall,31.45,1
84,44,2023-04-29,6,respond,24.54,5
85,572,2023-03-07,41,you,94.92,10
86,932,2022-12-19,6,source,85.4,10
87,672,2023-02-24,64,mission,72.67,8
88,656,2023-06-22,56,picture,40.38,9
89,183,2023-06-14,27,bad,40.68,5
90,10,2023-02-02,18,score,19.35,6
91,346,2023-02-18,48,see,73.26,6
92,799,2022-12-25,80,project,8.39,5
93,168,2023-04-11,20,son,98.28,5
94,370,2022-10-09,51,raise,98.98,3
95,301,2022-10-31,15,month,50.42,4
96,957,2023-04-10,7,sort,34.25,9
97,747,2023-03-19,10,ground,33.75,6
98,307,2023-04-21,54,yourself,15.32,9
99,931,2023-02-18,62,attorney,50.03,6
100,128,2023-07-28,62,magazine,16.02,8
101,437,2023-04-16,5,feel,33.68,3
102,942,2023-01-04,22,change,64.54,7
103,826,2023-03-17,82,agree,13.26,2
104,203,2022-11-12,96,make,26.0,7
105,9,2023-06-22,13,always,42.41,9
106,297,2023-09-03,58,stand,92.41,10
107,732,2022-10-09,87,field,25.64,2
108,378,2023-04-14,29,hospital,98.9,5
109,600,2023-05-23,100,Republican,20.83,4
110,368,2023-04-03,15,best,11.07,1
111,925,2022-12-05,68,party,47.9,4
112,122,2022-12-16,64,per,42.81,4
113,657,2023-05-21,6,clear,99.72,4
114,639,2022-12-20,19,reality,14.94,8
115,388,2023-09-12,47,hand,56.91,3
116,108,2023-07-09,77,perform,98.38,3
117,578,2023-03-10,52,every,65.64,7
118,899,2022-11-06,67,already,52.06,6
119,854,2023-08-02,64,development,99.83,4
120,556,2023-07-24,79,seek,93.47,1
121,349,2023-02-19,91,certainly,96.44,6
122,838,2023-04-14,42,long,8.37,3
123,896,2023-01-26,33,road,62.25,3
124,863,2022-10-24,49,close,60.38,8
125,68,2023-07-26,11,new,54.07,1
126,68,2022-11-23,29,technology,17.4,5
127,16,2023-04-22,98,still,85.18,6
128,883,2022-09-28,21,program,81.06,8
129,992,2023-03-07,48,daughter,52.97,9
130,515,2023-01-18,5,research,59.52,9
131,777,2023-09-17,77,address,99.1,7
132,928,2023-08-16,97,senior,24.58,9
133,923,2023-02-20,77,leg,44.69,8
134,866,2023-07-12,50,field,62.71,4
135,872,2023-05-15,3,standard,67.41,1
136,759,2023-08-18,24,American,33.73,10
137,261,2023-03-06,43,approach,11.23,5
138,966,2023-05-07,39,become,78.39,7
139,830,2023-03-18,50,smile,10.91,3
140,245,2023-09-09,37,century,74.3,6
141,57,2023-01-30,5,strategy,50.73,3
142,504,2022-10-27,78,enter,73.13,3
143,830,2022-11-24,46,start,44.06,10
144,478,2023-04-04,50,hundred,48.59,2
145,483,2023-07-11,100,life,19.38,1
146,613,2023-06-09,80,myself,17.61,6
147,108,2023-07-29,90,traditional,57.17,6
148,200,2023-07-03,50,glass,79.42,8
149,114,2023-09-08,8,other,62.96,8
150,630,2022-10-01,81,current,93.72,2
151,993,2023-03-28,88,rest,72.79,5
152,808,2022-12-30,17,about,96.05,7
153,819,2023-05-03,38,college,92.1,2
154,532,2022-12-01,25,act,8.63,7
155,456,2023-08-25,48,bag,76.88,8
156,366,2023-03-12,81,concern,12.16,1
157,924,2023-08-25,6,debate,51.19,1
158,968,2023-06-25,67,thing,68.32,10
159,897,2022-11-08,28,two,26.82,9
160,716,2023-05-02,68,magazine,44.91,5
161,969,2022-12-26,15,seek,18.84,10
162,433,2023-07-30,11,contain,93.9,7
163,65,2023-05-12,13,prove,44.44,3
164,752,2022-10-19,4,appear,80.18,7
165,703,2023-06-25,54,heart,7.86,6
166,740,2023-04-25,33,key,12.46,2
167,125,2023-05-05,46,wife,70.72,6
168,357,2022-11-03,23,accept,5.95,4
169,839,2023-01-26,47,toward,11.7,3
170,213,2023-02-09,1,growth,24.46,2
171,766,2023-03-16,1,compare,32.86,1
172,956,2023-08-15,78,pattern,27.12,3
173,192,2023-08-12,59,establish,15.68,6
174,725,2023-06-02,34,trial,17.36,4
175,371,2022-12-15,43,night,49.97,5
176,304,2023-02-07,71,population,65.41,3
177,608,2022-10-26,11,indeed,14.75,10
178,316,2023-01-17,21,resource,40.78,3
179,969,2023-04-16,17,fast,81.42,6
180,521,2022-11-04,32,against,27.48,3
181,299,2022-11-25,48,happen,44.88,1
182,882,2022-10-10,17,space,62.11,7
183,80,2023-06-25,90,hair,11.96,7
184,307,2023-03-06,71,street,44.59,3
185,606,2023-07-14,55,serious,33.31,6
186,87,2022-12-09,32,anyone,47.26,6
187,653,2023-09-16,68,ok,10.5,7
188,9,2022-10-20,54,you,96.39,6
189,452,2022-10-27,27,him,40.3,8
190,94,2023-05-23,24,generation,80.67,5
191,115,2023-01-31,72,season,62.53,3
192,815,2023-05-12,90,resource,47.39,7
193,190,2023-08-08,99,likely,45.06,3
194,254,2023-02-20,59,law,37.34,9
195,146,2023-04-06,46,sea,48.93,2
196,495,2023-03-19,97,site,24.35,1
197,851,2023-06-28,90,window,47.66,8
198,8,2023-04-07,28,need,33.36,5
199,559,2023-01-15,78,program,19.84,8
200,95,2023-05-26,87,detail,52.28,4
201,557,2023-05-11,98,remain,43.5,1
202,124,2022-11-16,35,full,88.95,1
203,1,2023-06-29,33,big,42.85,10
204,728,2023-07-03,51,stock,47.24,5
205,363,2023-08-24,37,five,87.77,4
206,610,2022-10-20,11,technology,8.37,5
207,313,2023-01-16,69,catch,37.29,9
208,881,2023-06-13,32,stand,89.62,3
209,70,2023-08-23,54,section,86.79,5
210,533,2023-02-06,18,debate,59.53,4
211,545,2023-01-11,14,democratic,44.03,9
212,414,2023-06-07,95,same,78.96,5
213,300,2023-02-12,57,near,40.32,3
214,161,2022-10-14,16,theory,71.22,7
215,411,2023-09-12,76,while,49.45,9
216,685,2023-05-14,39,wonder,38.64,8
217,761,2023-06-26,54,concern,25.71,8
218,712,2023-04-29,65,any,35.23,1
219,455,2023-05-22,39,rich,18.57,8
220,54,2023-05-02,80,something,25.49,6
221,483,2022-10-15,51,short,89.41,1
222,867,2023-06-09,68,general,98.0,2
223,703,2023-09-07,95,leave,92.84,7
224,7,2023-04-24,47,might,8.91,10
225,4,2023-01-04,35,say,87.95,5
226,745,2023-03-10,30,chance,18.36,10
227,295,2023-01-21,25,read,15.02,8
228,734,2023-05-09,43,bit,41.49,6
229,432,2023-04-05,83,less,90.23,7
230,152,2022-09-29,58,trip,93.66,3
231,537,2023-01-17,41,per,17.28,3
232,455,2023-07-22,45,owner,79.99,7
233,438,2023-04-22,63,amount,42.01,4
234,815,2023-01-12,26,southern,46.73,4
235,601,2022-09-28,91,manage,9.73,7
236,35,2023-08-01,30,should,65.15,3
237,373,2022-12-14,8,senior,75.6,3
238,239,2023-07-22,79,develop,33.27,2
239,722,2023-03-06,66,large,76.39,6
240,422,2023-06-26,59,at,10.12,9
241,682,2023-02-20,84,media,95.7,7
242,595,2023-01-06,59,difficult,51.57,8
243,221,2022-10-16,44,training,30.26,1
244,54,2023-08-15,21,agent,38.23,5
245,671,2022-11-29,1,source,18.34,7
246,697,2023-06-16,29,adult,97.21,7
247,572,2022-12-05,29,source,48.1,6
248,623,2022-12-04,14,spend,62.6,2
249,814,2022-10-22,41,so,35.68,8
250,915,2023-09-24,42,north,29.27,9
251,46,2023-09-21,25,trouble,40.03,4
252,891,2023-08-13,68,past,37.85,4
253,258,2022-11-03,87,movie,74.26,5
254,320,2023-05-10,67,hotel,86.7,5
255,494,2023-01-26,45,lot,87.84,4
256,46,2023-02-28,40,final,93.75,2
257,10,2023-06-10,59,decade,52.05,8
258,49,2023-03-10,53,end,97.99,8
259,451,2023-06-08,16,result,13.13,4
260,102,2023-01-08,98,sell,19.61,4
261,452,2023-04-02,79,whom,12.33,7
262,573,2023-08-31,97,black,89.23,7
263,41,2023-09-27,24,home,28.72,4
264,132,2023-01-07,36,major,93.77,6
265,446,2023-02-26,14,remember,57.92,5
266,625,2022-09-28,70,assume,79.96,5
267,797,2023-07-07,57,drug,53.83,8
268,550,2023-09-24,82,stuff,29.79,4
269,17,2023-02-13,16,medical,63.41,2
270,177,2023-09-15,94,quite,44.39,4
271,292,2022-12-22,95,remember,99.73,1
272,760,2022-10-16,69,also,53.95,1
273,125,2023-06-14,50,box,66.29,2
274,995,2022-12-27,95,thought,58.64,4
275,692,2023-02-03,92,early,71.83,5
276,227,2023-08-05,95,control,84.02,4
277,67,2023-06-30,67,ready,34.21,6
278,240,2023-03-22,48,them,64.71,5
279,597,2023-06-03,22,peace,18.04,1
280,567,2023-07-22,65,economy,36.15,10
281,651,2023-01-11,4,still,82.14,7
282,159,2023-04-03,23,hope,53.5,2
283,139,2023-09-19,98,short,24.62,8
284,584,2023-08-18,99,seek,71.09,4
285,241,2022-10-04,94,almost,17.55,4
286,779,2023-06-10,50,produce,38.58,10
287,136,2023-01-31,81,crime,52.35,2
288,631,2023-09-18,4,send,55.01,6
289,501,2022-11-18,59,story,34.33,4
290,569,2023-08-06,84,want,20.49,8
291,829,2023-04-30,95,lead,50.69,6
292,722,2023-01-06,11,material,29.62,10
293,412,2022-11-18,91,little,23.15,6
294,805,2023-04-01,38,top,41.49,1
295,214,2023-03-09,5,begin,34.94,4
296,352,2022-10-12,57,just,68.5,4
297,267,2023-04-21,45,before,68.8,5
298,18,2023-08-28,46,huge,59.49,1
299,750,2023-07-28,81,reveal,19.37,1
300,503,2023-08-07,81,should,10.83,4
301,47,2023-06-11,2,radio,26.45,6
302,69,2023-02-01,8,season,37.77,7
303,140,2023-05-18,28,manager,47.65,3
304,367,2022-11-03,40,change,21.81,6
305,746,2023-04-11,96,loss,43.82,1
306,420,2023-06-07,34,shoulder,55.7,8
307,778,2022-11-14,6,some,58.65,2
308,419,2023-02-11,50,grow,21.27,9
309,142,2023-02-12,80,budget,87.54,9
310,861,2022-12-31,94,deep,71.46,2
311,338,2023-07-25,31,amount,84.81,3
312,253,2023-02-12,3,collection,95.87,3
313,761,2023-03-20,88,apply,58.33,2
314,438,2023-07-22,77,participant,14.85,8
315,728,2022-10-06,20,a,63.42,1
316,259,2023-09-20,44,cover,81.56,7
317,28,2022-10-09,81,choice,93.58,1
318,509,2023-04-16,12,could,39.04,3
319,470,2023-06-03,31,inside,53.21,3
320,754,2022-11-28,97,culture,43.45,5
321,823,2022-11-21,64,yourself,94.72,1
322,319,2023-02-20,68,focus,90.55,9
323,481,2023-07-07,5,executive,78.43,10
324,566,2022-12-11,34,decision,93.74,1
325,467,2023-04-11,51,industry,73.53,7
326,355,2022-10-02,64,together,9.86,5
327,758,2023-02-09,5,half,29.12,10
328,720,2023-09-16,100,arrive,93.27,4
329,781,2023-02-07,68,already,54.04,7
330,855,2023-01-28,33,from,24.85,10
331,338,2023-09-25,32,together,60.68,9
332,698,2023-02-25,46,seek,20.44,3
333,339,2023-07-06,96,later,82.91,10
334,836,2023-06-13,7,before,58.66,6
335,372,2023-03-30,38,near,64.44,6
336,507,2022-12-14,52,argue,62.07,3
337,2,2023-08-14,19,else,59.02,8
338,129,2022-10-04,44,leader,93.29,8
339,932,2022-11-26,86,everybody,82.75,5
340,766,2022-11-14,79,stage,22.83,9
341,959,2023-03-06,55,since,31.48,3
342,543,2022-11-02,22,report,11.01,3
343,594,2023-03-14,15,expert,94.46,9
344,620,2022-09-29,50,course,76.7,5
345,319,2023-02-09,37,almost,6.3,5
346,969,2023-06-03,34,community,56.1,9
347,326,2023-09-05,44,food,23.05,7
348,811,2023-06-21,19,however,85.25,9
349,160,2023-07-02,85,production,71.63,10
350,394,2023-08-10,47,everyone,49.09,1
351,576,2023-02-18,53,language,65.48,4
352,922,2023-04-22,3,nothing,39.41,3
353,697,2023-06-01,25,age,64.94,8
354,20,2023-07-08,94,happen,74.85,10
355,914,2023-02-04,31,high,31.07,7
356,80,2022-12-14,74,long,47.58,8
357,885,2022-10-21,66,per,90.02,2
358,981,2022-12-27,25,bank,20.63,2
359,951,2023-07-14,55,loss,65.3,5
360,259,2022-12-20,56,black,88.77,6
361,625,2023-04-19,42,serve,13.61,1
362,505,2023-09-04,2,ahead,77.44,4
363,781,2023-05-30,51,yourself,41.73,7
364,714,2022-11-01,5,in,60.36,6
365,850,2023-03-09,73,fire,17.05,5
366,336,2023-03-29,4,first,42.82,9
367,139,2023-05-20,6,trip,12.74,6
368,370,2023-07-29,1,although,11.59,2
369,688,2023-09-19,70,long,49.75,6
370,951,2023-08-10,4,agent,34.91,3
371,784,2023-09-20,82,contain,31.13,3
372,610,2023-07-05,19,attention,43.4,5
373,524,2023-06-27,8,artist,20.48,3
374,933,2023-07-14,62,three,72.0,1
375,748,2023-08-14,67,design,9.13,9
376,708,2023-05-10,96,establish,71.25,7
377,973,2023-02-22,24,go,37.75,10
378,833,2023-03-20,11,moment,12.67,3
379,833,2023-08-22,34,pass,24.15,5
380,336,2022-09-29,90,left,72.32,5
381,530,2023-02-14,59,thousand,99.86,3
382,775,2022-10-03,58,leader,57.51,1
383,648,2023-03-30,75,level,21.81,9
384,35,2022-10-01,97,increase,35.03,2
385,198,2023-09-10,83,relationship,80.15,10
386,245,2023-05-03,59,must,54.61,6
387,935,2023-01-30,84,happen,17.81,9
388,59,2023-03-27,70,travel,12.83,9
389,352,2023-09-02,1,good,82.23,2
390,107,2023-04-24,55,matter,62.72,10
391,463,2023-07-28,43,really,84.18,9
392,371,2023-09-15,82,keep,16.29,6
393,948,2023-04-04,3,prove,22.35,3
394,20,2023-05-25,44,professional,89.16,4
395,46,2022-11-25,53,bed,66.31,5
396,816,2022-11-14,50,create,91.61,10
397,786,2023-05-02,92,already,20.98,2
398,419,2023-03-14,7,small,46.87,10
399,924,2023-05-08,80,force,76.86,5
400,577,2022-11-21,59,bit,44.16,1
401,465,2023-07-12,34,season,23.1,7
402,66,2023-05-23,46,while,14.15,1
403,360,2023-04-16,3,pass,21.82,10
404,708,2022-12-20,84,imagine,90.21,6
405,468,2023-04-23,71,herself,75.87,8
406,488,2023-02-15,11,trouble,86.51,9
407,883,2022-12-16,52,shoulder,80.12,5
408,29,2023-07-19,83,control,54.01,2
409,342,2022-11-06,46,cold,95.74,8
410,992,2023-01-18,5,somebody,19.66,9
411,641,2023-02-18,37,chair,96.18,1
412,386,2023-01-04,44,white,19.9,9
413,713,2023-05-12,19,their,20.25,3
414,656,2022-12-31,88,forward,28.05,10
415,337,2023-01-06,4,for,50.88,7
416,46,2023-09-04,29,pay,27.83,5
417,337,2023-04-06,22,same,96.79,6
418,232,2022-10-28,21,while,88.44,8
419,373,2022-10-19,73,good,18.11,10
420,790,2022-12-30,2,compare,20.4,10
421,6,2022-10-28,88,whatever,42.04,3
422,153,2023-05-24,3,can,7.39,6
423,523,2023-03-12,1,thus,8.63,2
424,587,2022-12-30,79,up,19.03,3
425,690,2022-10-18,49,this,79.83,7
426,447,2023-09-21,73,lawyer,91.8,6
427,729,2023-05-30,32,phone,92.64,6
428,523,2022-12-12,28,pull,55.67,2
429,133,2023-04-07,53,interesting,58.78,6
430,990,2022-12-02,13,throughout,46.0,7
431,252,2023-02-25,61,ten,41.27,7
432,246,2023-04-08,83,dream,50.71,10
433,71,2023-05-27,33,to,99.81,9
434,381,2023-05-21,70,coach,7.06,10
435,799,2023-04-23,61,building,88.29,5
436,42,2023-05-08,79,sure,35.55,7
437,988,2022-10-08,81,energy,15.13,1
438,148,2023-08-10,92,tonight,42.28,7
439,749,2022-12-14,51,any,46.13,2
440,731,2022-12-05,59,site,62.4,3
441,174,2023-07-21,44,alone,50.06,3
442,605,2022-12-03,37,like,77.37,2
443,956,2022-09-28,48,month,37.81,6
444,785,2023-03-15,61,particularly,64.88,1
445,201,2023-04-13,33,rule,21.81,10
446,333,2022-11-17,38,study,41.11,1
447,299,2022-11-15,71,ability,45.97,7
448,276,2023-06-17,49,enjoy,74.15,6
449,138,2023-07-13,17,for,15.48,6
450,170,2023-01-11,4,work,45.9,7
451,475,2023-03-18,10,and,65.98,2
452,797,2022-12-23,55,number,56.77,9
453,142,2022-11-26,22,hair,19.53,3
454,234,2022-12-07,4,rather,54.9,8
455,366,2023-04-07,80,trouble,74.91,6
456,701,2023-06-21,16,process,81.24,7
457,792,2022-10-19,34,TV,90.43,6
458,644,2023-04-12,65,focus,97.01,9
459,712,2023-03-03,19,you,91.66,9
460,313,2023-04-02,31,can,88.65,7
461,355,2023-01-09,50,this,95.13,9
462,314,2022-12-19,53,sing,99.61,2
463,700,2023-05-24,20,out,19.03,10
464,610,2022-12-06,82,determine,71.92,9
465,110,2023-07-21,90,rather,79.03,4
466,611,2023-04-26,83,feeling,62.3,9
467,114,2022-12-25,35,book,70.41,10
468,173,2023-01-22,49,pass,13.11,1
469,11,2022-10-12,15,floor,89.78,8
470,326,2023-09-11,14,form,69.22,6
471,599,2023-02-11,90,similar,29.12,8
472,832,2023-07-03,100,child,26.73,3
473,576,2022-12-05,71,million,83.59,2
474,800,2023-09-02,66,court,92.48,3
475,27,2023-04-05,83,lead,85.71,9
476,419,2022-10-15,78,number,67.76,8
477,726,2022-10-25,88,show,43.48,1
478,602,2023-05-29,18,happen,92.37,3
479,907,2023-08-19,57,often,58.67,7
480,952,2023-05-17,12,expert,66.19,7
481,343,2023-06-30,30,join,53.15,8
482,41,2023-07-29,62,court,63.9,5
483,854,2023-06-04,65,party,51.58,7
484,485,2023-04-17,34,clear,22.2,9
485,374,2023-03-27,21,career,33.73,10
486,852,2023-06-03,19,reach,48.41,2
487,490,2023-05-10,51,evidence,58.78,7
488,570,2023-06-18,12,recent,30.23,4
489,835,2023-07-05,15,of,33.19,6
490,832,2022-12-30,13,sort,18.17,1
491,843,2022-10-24,86,rise,18.0,9
492,204,2023-08-01,1,and,8.14,7
493,572,2023-03-08,90,sure,76.76,8
494,732,2023-02-23,89,style,15.17,8
495,573,2023-06-26,45,ok,88.1,6
496,894,2022-10-02,13,strong,70.15,4
497,233,2022-12-19,64,rather,84.67,5
498,282,2022-12-19,29,throw,5.85,6
499,970,2022-11-16,66,practice,93.02,2
500,80,2022-10-09,40,federal,59.5,4
501,757,2023-03-20,48,customer,96.54,3
502,238,2022-10-28,37,cost,93.91,8
503,676,2023-06-15,46,either,31.88,10
504,133,2023-07-25,100,note,16.35,6
505,513,2022-11-04,61,successful,26.72,6
506,648,2023-09-05,46,Congress,46.03,6
507,997,2023-02-08,52,simply,77.9,5
508,888,2023-05-13,14,tend,50.57,5
509,124,2023-03-02,58,machine,19.66,4
510,762,2023-07-22,24,cost,93.32,6
511,512,2023-05-03,30,newspaper,15.45,7
512,999,2023-07-21,50,a,49.16,8
513,959,2022-10-19,73,candidate,83.71,4
514,692,2023-02-25,52,certainly,52.71,8
515,239,2023-07-12,41,media,54.2,1
516,95,2023-03-01,61,body,35.13,4
517,841,2023-06-13,56,east,98.5,10
518,790,2023-03-23,6,face,43.62,5
519,206,2023-02-28,93,property,36.05,2
520,186,2023-09-17,90,democratic,39.59,4
521,976,2022-11-18,6,question,5.77,9
522,5,2022-11-04,17,reveal,16.07,10
523,621,2023-08-28,26,by,12.75,8
524,203,2023-04-16,1,popular,54.42,10
525,867,2023-08-15,54,hour,11.34,3
526,949,2023-07-18,30,could,26.56,7
527,392,2023-01-12,61,inside,81.7,7
528,216,2023-07-05,49,understand,97.73,1
529,631,2023-07-12,35,because,7.71,6
530,721,2023-06-19,48,year,83.57,8
531,657,2022-12-15,18,protect,61.61,2
532,258,2022-12-25,14,wear,72.91,5
533,25,2023-07-10,89,ok,18.48,3
534,389,2023-06-14,27,set,59.45,6
535,207,2022-11-26,54,technology,53.26,2
536,574,2023-05-08,14,collection,70.85,8
537,128,2023-09-09,66,action,89.86,8
538,183,2023-03-27,59,television,57.04,3
539,427,2023-01-18,33,cultural,40.84,10
540,518,2023-02-03,43,walk,82.91,4
541,465,2023-08-04,32,share,38.35,7
542,25,2023-07-22,58,inside,73.72,1
543,566,2023-07-15,52,ok,96.06,8
544,230,2023-05-04,55,guy,27.9,8
545,487,2022-11-15,19,huge,26.68,5
546,369,2023-06-12,84,onto,51.19,3
547,993,2022-10-17,67,president,70.03,4
548,308,2023-01-07,67,mission,64.94,2
549,969,2023-09-19,8,memory,19.74,1
550,343,2022-11-22,80,today,81.49,8
551,400,2023-08-13,87,few,22.83,8
552,197,2023-04-18,22,east,42.13,6
553,909,2023-06-08,98,reflect,69.8,9
554,193,2023-07-13,93,decide,36.16,9
555,946,2023-03-11,70,wrong,72.69,10
556,597,2023-02-28,56,whether,19.45,10
557,506,2022-12-24,85,have,59.22,4
558,613,2023-02-27,57,method,8.13,8
559,927,2023-06-14,78,foreign,85.13,9
560,749,2023-02-28,26,soon,5.05,1
561,138,2023-04-24,32,experience,47.11,10
562,230,2022-12-27,85,difficult,70.03,9
563,436,2023-08-07,83,green,65.24,5
564,907,2023-02-16,88,fight,37.12,4
565,168,2023-04-23,48,home,57.95,6
566,735,2023-04-28,57,dinner,42.13,6
567,867,2022-10-29,60,north,11.4,4
568,773,2023-06-09,15,yes,76.41,7
569,974,2023-05-22,60,sea,72.24,4
570,914,2022-11-09,48,executive,71.9,1
571,416,2023-07-19,27,team,13.32,7
572,600,2023-02-14,73,fish,88.02,7
573,554,2022-10-02,27,society,65.17,3
574,544,2023-08-03,83,produce,91.11,5
575,390,2023-07-10,70,attack,56.03,2
576,620,2023-03-31,94,station,51.81,1
577,209,2023-03-28,54,fight,63.62,6
578,320,2023-03-22,11,assume,75.78,4
579,629,2022-12-29,4,hospital,60.85,9
580,377,2023-01-14,20,kind,49.25,2
581,608,2023-08-27,58,time,31.45,4
582,392,2023-05-25,50,past,75.87,6
583,234,2023-09-18,76,drug,30.07,2
584,46,2023-07-22,20,care,34.98,10
585,578,2023-05-27,63,everybody,11.01,9
586,491,2023-03-20,56,home,35.35,1
587,120,2023-02-01,56,from,62.68,3
588,780,2023-05-10,19,despite,89.09,2
589,723,2023-05-06,56,sometimes,28.55,5
590,271,2023-06-10,50,rich,15.97,5
591,383,2023-02-15,79,late,81.29,4
592,763,2023-02-11,70,process,56.48,6
593,528,2023-03-28,71,five,6.33,8
594,840,2023-09-21,3,if,65.53,5
595,340,2022-10-11,18,where,37.68,2
596,629,2022-12-15,72,become,44.68,2
597,258,2023-04-18,74,involve,14.9,2
598,882,2023-05-13,76,chance,17.18,1
599,533,2023-09-08,29,agreement,38.0,9
600,857,2023-06-23,91,professional,25.61,3
601,711,2023-05-17,85,television,96.38,7
602,207,2023-04-20,78,statement,71.35,8
603,357,2022-12-21,21,daughter,30.57,6
604,998,2023-05-07,71,thing,85.97,4
605,477,2022-12-20,41,field,98.44,5
606,575,2023-08-28,86,ability,78.74,1
607,86,2023-02-10,85,call,82.84,5
608,894,2023-09-19,91,imagine,79.29,6
609,36,2022-12-27,11,can,63.11,5
610,823,2023-01-09,15,remain,20.82,5
611,207,2023-02-06,66,enough,57.69,8
612,92,2023-08-15,54,employee,52.76,7
613,126,2023-07-21,11,imagine,61.39,8
614,332,2023-05-17,23,wind,33.17,7
615,690,2023-01-04,90,rule,32.24,1
616,856,2023-04-30,2,turn,65.65,5
617,79,2023-05-16,85,stage,34.75,9
618,670,2023-09-22,37,kitchen,9.6,4
619,870,2022-10-15,89,make,54.08,5
620,612,2023-08-01,8,anyone,79.67,7
621,288,2023-07-01,75,sport,26.42,6
622,933,2022-12-07,69,car,51.5,8
623,726,2022-10-10,16,nation,45.25,3
624,534,2023-05-26,7,soon,26.95,8
625,393,2022-11-22,4,wear,27.66,5
626,101,2023-03-10,24,use,90.89,8
627,16,2023-02-08,97,create,39.41,7
628,128,2022-11-22,68,concern,28.42,5
629,275,2023-08-20,52,player,45.99,1
630,169,2023-01-30,91,base,89.26,9
631,366,2023-08-31,26,pattern,28.68,4
632,819,2023-02-09,39,toward,79.94,3
633,565,2022-11-22,33,air,56.7,3
634,239,2023-04-21,93,help,44.65,3
635,250,2023-03-16,98,same,58.2,10
636,698,2022-09-28,22,inside,75.77,9
637,793,2022-11-11,39,ok,80.87,1
638,740,2023-06-06,59,option,80.05,4
639,64,2023-06-22,53,store,20.94,9
640,398,2022-12-30,28,edge,41.56,9
641,506,2023-08-04,14,forget,17.04,2
642,546,2023-06-07,2,respond,90.42,2
643,11,2023-02-17,96,over,98.46,7
644,462,2022-11-28,87,step,31.2,7
645,997,2023-03-17,45,red,67.87,5
646,744,2022-10-31,10,tend,89.79,3
647,601,2023-09-17,32,give,75.37,1
648,780,2023-07-29,7,choose,53.57,2
649,710,2023-04-03,58,loss,28.65,3
650,615,2022-11-27,81,mission,88.61,5
651,14,2022-11-19,77,reveal,19.03,6
652,376,2022-10-10,39,data,52.67,5
653,137,2023-08-18,3,such,50.55,4
654,624,2023-04-05,51,him,37.24,5
655,451,2022-11-23,18,politics,50.17,5
656,961,2023-03-12,90,she,91.74,6
657,874,2023-01-07,82,fine,62.29,7
658,593,2023-05-15,52,reality,71.08,9
659,306,2023-06-14,87,red,82.41,10
660,864,2022-12-26,31,religious,22.94,4
661,272,2022-11-19,66,employee,20.9,3
662,828,2022-12-13,77,test,54.15,9
663,797,2022-10-05,65,look,84.44,8
664,940,2023-09-01,44,finally,29.6,5
665,468,2023-04-20,84,car,55.04,4
666,992,2022-12-09,33,finally,48.59,2
667,19,2023-08-25,26,outside,61.73,5
668,813,2022-11-03,1,body,83.42,4
669,963,2023-07-02,24,entire,63.72,6
670,625,2023-01-20,35,process,5.86,1
671,22,2023-07-20,78,air,92.07,3
672,852,2023-09-19,40,today,96.42,4
673,403,2022-10-03,64,probably,75.14,6
674,90,2023-02-12,75,than,46.03,2
675,717,2022-11-12,4,get,77.97,1
676,609,2023-03-23,69,cost,30.89,4
677,892,2023-05-27,50,at,23.7,3
678,815,2022-11-19,23,want,52.15,3
679,627,2022-12-09,76,low,53.04,10
680,643,2023-04-24,30,base,91.06,1
681,447,2023-08-04,78,stage,7.98,3
682,515,2023-02-20,11,call,44.84,6
683,649,2023-06-28,81,recently,92.97,10
684,194,2022-11-30,92,someone,10.84,3
685,324,2022-11-05,85,network,75.97,8
686,493,2023-05-31,78,design,91.71,5
687,918,2022-11-20,83,science,12.4,3
688,920,2023-07-27,14,voice,53.68,9
689,732,2023-09-25,52,mission,62.76,7
690,688,2022-10-10,21,civil,62.71,7
691,785,2023-05-15,17,scientist,70.2,2
692,599,2022-10-13,99,keep,15.59,3
693,765,2023-08-31,62,success,32.95,2
694,702,2023-03-31,98,world,45.45,5
695,804,2023-04-16,15,put,65.35,9
696,846,2023-02-02,69,though,81.17,1
697,42,2023-05-30,78,already,6.41,3
698,910,2022-12-18,16,right,43.77,8
699,908,2023-03-30,4,clearly,34.76,3
700,88,2022-12-22,90,challenge,42.24,10
701,768,2023-09-11,29,page,9.63,7
702,937,2023-07-10,4,wonder,9.48,7
703,136,2022-09-29,72,garden,74.46,5
704,417,2022-11-01,52,peace,89.74,9
705,57,2023-08-18,96,mean,84.5,9
706,149,2022-11-12,72,fly,94.44,3
707,660,2023-02-03,27,itself,60.91,3
708,851,2022-11-25,12,participant,59.77,5
709,275,2023-08-11,33,class,25.11,1
710,886,2023-09-18,82,foreign,86.91,9
711,793,2023-03-27,100,security,11.67,1
712,655,2023-06-01,37,serious,19.68,3
713,853,2022-12-09,98,lawyer,53.19,2
714,977,2023-06-05,43,figure,5.61,6
715,858,2023-06-02,19,too,36.38,2
716,89,2023-07-26,48,safe,24.68,8
717,340,2023-06-12,88,whole,51.09,9
718,540,2023-05-28,11,material,12.68,8
719,393,2022-11-07,100,back,43.31,8
720,565,2022-12-18,55,find,54.27,4
721,148,2023-04-30,83,church,42.96,9
722,321,2022-11-03,19,spend,88.53,3
723,160,2023-06-07,5,race,41.48,10
724,119,2023-07-15,86,measure,11.47,5
725,579,2022-10-03,39,certain,38.46,8
726,412,2023-01-20,76,knowledge,82.42,10
727,478,2022-11-18,66,thousand,37.8,9
728,39,2023-08-04,93,religious,41.47,6
729,351,2023-09-07,66,need,5.66,10
730,79,2023-09-08,61,once,15.54,7
731,785,2023-02-02,80,parent,28.17,1
732,532,2022-12-09,65,positive,15.61,1
733,584,2023-05-29,46,tax,8.78,6
734,185,2023-03-19,44,feeling,30.58,8
735,775,2023-05-01,54,most,5.12,4
736,671,2023-03-01,84,own,50.35,6
737,700,2022-10-10,93,over,20.27,1
738,780,2023-03-20,95,beat,50.62,3
739,854,2023-09-13,50,throw,71.06,10
740,496,2022-12-30,28,decide,91.8,8
741,639,2023-01-18,77,democratic,83.46,3
742,627,2023-03-10,57,each,34.95,6
743,441,2023-09-22,73,international,78.1,3
744,525,2023-03-02,55,population,42.19,6
745,391,2023-01-01,38,into,27.86,5
746,986,2023-04-10,31,rule,55.96,6
747,965,2023-05-04,59,dinner,27.63,6
748,639,2023-06-13,82,chance,18.91,4
749,148,2023-05-20,98,section,29.39,3
750,550,2023-01-10,91,time,72.49,2
751,916,2023-05-30,58,thought,50.58,3
752,615,2023-08-01,46,spend,62.5,2
753,554,2023-06-27,64,prove,90.95,5
754,400,2023-06-14,35,fill,53.62,6
755,865,2022-11-09,53,program,34.96,1
756,45,2022-12-09,25,discussion,95.88,10
757,852,2023-08-25,21,building,85.46,8
758,83,2023-04-08,33,at,52.64,8
759,430,2023-09-09,41,skill,85.61,7
760,56,2022-11-07,15,discuss,89.79,6
761,164,2023-06-11,98,opportunity,30.28,9
762,449,2022-11-03,40,staff,57.06,7
763,874,2022-10-13,62,perform,40.62,2
764,744,2023-04-02,11,teach,99.57,2
765,519,2022-10-24,3,scientist,86.18,10
766,526,2023-06-13,43,book,95.79,10
767,99,2023-01-07,73,onto,27.32,1
768,808,2023-08-21,13,part,83.24,5
769,94,2022-11-10,76,what,87.68,3
770,791,2022-12-08,74,likely,94.52,10
771,544,2023-04-30,26,paper,31.38,3
772,931,2023-08-23,24,seven,61.09,4
773,141,2022-10-18,17,issue,88.21,5
774,508,2023-02-15,39,win,18.8,10
775,278,2022-10-14,27,edge,12.45,7
776,998,2023-07-13,24,office,23.89,10
777,18,2022-12-18,45,future,56.09,8
778,695,2023-04-12,17,west,76.76,5
779,84,2023-07-01,93,my,71.44,5
780,811,2022-12-09,77,prove,74.97,1
781,916,2022-10-01,19,whatever,83.27,10
782,692,2023-01-20,1,drug,44.73,3
783,497,2022-11-15,69,over,8.9,6
784,973,2023-04-28,29,star,68.63,8
785,325,2023-04-11,86,discover,88.72,4
786,964,2022-11-20,84,my,65.55,5
787,692,2023-05-29,91,machine,22.93,6
788,502,2023-06-24,35,clearly,38.5,10
789,993,2023-09-09,37,cut,25.7,9
790,402,2023-08-23,9,put,21.64,2
791,978,2023-08-06,76,huge,91.31,2
792,530,2023-06-24,18,nice,72.99,8
793,148,2023-09-24,55,collection,29.85,9
794,200,2023-05-09,98,actually,80.17,2
795,272,2022-11-05,57,no,97.55,7
796,525,2023-03-11,7,star,37.71,7
797,754,2022-11-08,93,book,41.48,3
798,791,2023-08-06,91,traditional,72.68,10
799,156,2023-02-17,84,order,8.3,10
800,455,2023-07-18,67,president,77.33,7
801,216,2022-12-10,60,short,24.33,2
802,100,2023-05-08,69,eight,43.2,9
803,690,2023-01-14,60,over,76.19,3
804,34,2023-02-15,26,green,27.14,2
805,613,2023-09-08,49,bank,43.62,9
806,218,2023-04-26,68,term,23.88,8
807,94,2022-11-15,25,heart,92.85,2
808,526,2023-03-14,17,fish,62.36,9
809,591,2023-07-02,67,through,65.71,7
810,616,2023-09-18,51,ability,87.15,5
811,689,2023-09-24,61,when,65.8,10
812,808,2023-06-29,4,point,38.33,4
813,719,2023-03-29,83,safe,8.29,4
814,452,2023-03-17,28,out,54.2,4
815,846,2022-11-04,1,minute,18.62,8
816,484,2023-09-06,12,free,62.41,5
817,402,2023-06-18,43,budget,75.11,5
818,899,2023-05-14,86,enter,13.42,2
819,847,2023-01-15,64,threat,40.2,10
820,670,2023-03-25,12,increase,26.86,3
821,420,2022-11-07,31,computer,86.4,8
822,290,2023-01-11,19,product,54.13,6
823,757,2023-02-09,87,upon,18.83,9
824,330,2023-02-21,41,break,69.93,2
825,369,2022-12-11,25,head,24.02,5
826,534,2023-03-08,90,month,45.27,7
827,405,2022-11-13,5,stock,18.56,2
828,295,2023-07-26,81,nice,67.82,9
829,193,2023-02-15,78,arm,51.48,3
830,600,2023-08-04,20,forget,88.24,7
831,272,2022-10-12,95,if,25.1,3
832,143,2023-07-20,57,direction,92.03,9
833,434,2022-10-24,23,art,84.71,5
834,769,2022-10-07,61,against,59.43,6
835,663,2023-06-21,13,note,14.59,4
836,533,2023-03-27,6,yeah,7.86,10
837,89,2023-07-27,60,wonder,83.04,10
838,264,2023-08-10,90,war,58.44,7
839,167,2023-04-11,31,forward,64.4,10
840,971,2023-06-18,94,end,79.07,3
841,978,2023-01-10,64,data,66.77,4
842,14,2023-07-12,29,see,18.64,10
843,692,2022-12-29,99,notice,87.82,3
844,869,2023-03-21,98,rest,82.01,10
845,636,2023-06-21,23,recent,11.45,5
846,98,2023-06-02,35,send,64.18,10
847,799,2023-05-04,34,simple,59.94,1
848,726,2022-10-17,10,level,18.43,8
849,61,2022-10-17,45,often,36.62,7
850,400,2023-01-13,3,leave,98.46,4
851,218,2023-09-16,100,idea,13.47,3
852,254,2023-07-23,67,white,25.23,6
853,998,2023-07-29,2,score,77.7,7
854,593,2023-03-21,67,get,57.03,3
855,728,2023-03-15,43,else,72.99,9
856,398,2023-09-18,26,defense,33.33,8
857,665,2023-04-26,82,certainly,30.62,5
858,925,2022-10-30,100,customer,34.1,6
859,149,2023-01-14,58,amount,7.5,8
860,54,2023-07-31,81,here,78.79,5
861,523,2023-05-18,80,hold,78.34,8
862,626,2023-06-21,73,yard,75.64,4
863,165,2023-08-23,1,truth,30.34,7
864,725,2022-11-03,33,happen,23.79,8
865,272,2023-06-14,66,certainly,43.4,10
866,510,2023-09-26,35,police,95.3,3
867,711,2023-08-11,2,international,24.74,5
868,726,2023-02-01,91,soon,86.77,2
869,674,2022-11-14,4,machine,46.43,6
870,637,2022-12-02,93,art,92.44,6
871,421,2023-02-10,100,piece,93.47,2
872,256,2023-02-12,46,mother,77.31,8
873,453,2023-09-01,23,challenge,70.29,6
874,438,2022-12-04,56,such,43.96,10
875,109,2023-07-08,12,late,57.98,8
876,135,2023-07-31,13,artist,6.48,9
877,880,2023-04-23,90,thousand,41.69,8
878,244,2022-11-14,51,affect,65.52,2
879,432,2022-11-04,8,thought,69.15,5
880,616,2022-10-19,22,treatment,33.63,9
881,128,2022-11-08,72,participant,68.53,6
882,1,2023-09-26,19,foot,5.14,6
883,772,2022-09-27,44,experience,47.97,4
884,249,2023-01-18,48,place,88.75,10
885,473,2022-12-01,34,commercial,56.86,8
886,410,2023-04-22,2,machine,14.81,2
887,338,2022-12-10,93,main,24.73,9
888,118,2023-01-17,65,skill,78.93,2
889,105,2022-11-26,70,finally,63.57,1
890,252,2023-08-10,15,threat,69.98,8
891,170,2023-02-05,22,thank,49.2,3
892,451,2023-05-12,91,field,84.02,1
893,575,2022-11-09,49,stay,6.55,2
894,103,2023-03-13,40,court,12.87,7
895,214,2023-09-02,33,mind,73.71,4
896,475,2023-07-09,83,offer,61.49,9
897,858,2023-07-05,48,part,22.72,1
898,604,2023-05-19,54,last,97.2,10
899,240,2023-08-27,37,could,37.95,6
900,485,2022-11-15,81,it,86.03,8
901,902,2023-03-13,96,there,73.19,5
902,353,2023-06-29,35,find,78.66,3
903,901,2022-12-28,29,loss,90.51,6
904,659,2023-06-27,3,weight,40.37,10
905,808,2023-02-27,90,certainly,32.2,4
906,22,2022-12-26,14,author,48.63,9
907,839,2022-12-16,24,myself,23.78,7
908,975,2023-07-26,90,activity,62.16,9
909,137,2022-12-11,5,beat,51.7,8
910,812,2023-04-03,57,wife,39.94,4
911,581,2023-05-26,27,region,11.47,3
912,676,2023-07-03,12,information,73.31,9
913,415,2023-07-16,79,sort,31.5,2
914,439,2023-03-03,3,site,56.73,6
915,757,2023-08-26,1,become,23.78,5
916,852,2023-09-01,98,early,87.36,7
917,460,2022-11-16,91,catch,53.81,5
918,66,2023-06-05,5,visit,13.18,7
919,659,2023-01-12,53,form,41.19,4
920,290,2023-09-03,63,might,97.32,9
921,1,2023-01-22,81,no,46.32,5
922,690,2023-07-27,63,summer,19.63,7
923,940,2023-03-23,51,knowledge,72.84,10
924,740,2022-10-22,77,organization,33.69,9
925,379,2023-09-25,39,onto,44.78,10
926,662,2023-01-12,99,color,21.14,1
927,435,2022-12-06,57,draw,96.07,5
928,68,2022-11-10,88,age,26.54,6
929,237,2022-10-14,49,something,7.28,6
930,160,2023-07-05,24,carry,83.07,8
931,899,2023-05-13,9,ball,78.7,3
932,966,2023-05-28,78,arm,8.04,3
933,11,2023-05-21,84,even,54.42,7
934,692,2022-11-07,56,majority,22.05,7
935,451,2023-04-26,40,whether,96.0,1
936,164,2023-02-01,62,no,20.0,2
937,677,2023-02-05,15,animal,49.99,5
938,752,2023-07-14,40,become,33.67,1
939,601,2023-08-16,35,size,36.52,8
940,70,2022-11-12,8,another,77.7,5
941,226,2022-12-16,59,remember,65.19,9
942,950,2023-04-17,27,through,40.87,2
943,435,2023-03-20,6,against,9.05,2
944,378,2022-12-09,1,then,32.99,1
945,2,2023-02-21,5,most,64.35,3
946,896,2023-05-18,77,both,87.45,8
947,665,2023-06-14,11,with,60.62,1
948,971,2023-07-28,96,free,58.27,2
949,79,2023-01-22,91,company,11.21,2
950,207,2022-12-06,13,prevent,93.77,7
951,83,2023-05-31,15,receive,49.99,8
952,514,2022-11-25,94,front,89.36,9
953,105,2023-03-06,18,wait,86.23,7
954,524,2022-10-05,17,else,12.67,9
955,982,2023-01-29,5,scene,74.39,9
956,255,2023-05-14,13,partner,74.27,7
957,918,2022-10-01,48,notice,55.22,6
958,576,2022-12-27,90,tree,59.33,7
959,931,2023-08-24,40,really,28.01,2
960,157,2023-03-20,78,wide,43.48,6
961,753,2023-01-28,37,north,94.53,9
962,383,2023-04-21,3,rock,5.76,3
963,264,2023-07-26,95,part,69.74,4
964,669,2023-01-16,18,exist,22.69,8
965,753,2022-11-17,62,much,68.33,5
966,990,2023-02-02,34,heart,82.65,1
967,177,2023-06-21,85,country,38.37,6
968,205,2023-09-15,81,weight,14.03,8
969,149,2023-04-08,81,program,28.87,4
970,651,2022-12-16,15,nor,63.67,4
971,362,2023-06-19,52,respond,78.1,5
972,794,2023-02-13,50,culture,57.95,1
973,654,2023-08-02,43,or,27.0,1
974,990,2023-04-09,97,off,45.01,5
975,798,2023-02-11,21,suggest,92.38,1
976,763,2022-11-04,35,a,73.65,6
977,665,2023-08-25,54,hard,5.74,5
978,233,2023-03-27,84,only,98.9,3
979,260,2023-01-28,48,fly,93.03,9
980,650,2023-02-07,15,best,21.24,4
981,893,2023-05-08,73,market,62.97,2
982,418,2023-06-30,37,risk,82.28,1
983,265,2023-06-19,1,call,7.85,10
984,163,2023-02-08,43,large,21.34,7
985,240,2023-03-24,75,cultural,57.12,4
986,937,2023-08-03,5,follow,66.08,4
987,465,2023-05-08,70,ground,67.53,10
988,634,2023-01-01,43,trade,96.55,6
989,374,2023-01-25,15,range,78.28,1
990,429,2023-08-19,47,character,22.67,4
991,740,2023-05-31,88,matter,74.71,7
992,783,2023-07-19,77,hope,6.4,4
993,630,2022-11-27,96,audience,51.96,7
994,166,2022-11-26,20,goal,69.48,7
995,456,2023-04-20,95,join,73.47,4
996,259,2022-12-10,9,red,71.6,3
997,931,2023-03-01,73,music,5.21,3
998,102,2022-10-02,20,purpose,28.78,7
999,263,2022-10-28,67,always,90.77,7
1000,329,2023-04-01,69,arm,74.19,8
1001,476,2023-06-20,16,low,28.83,6
1002,264,2023-03-17,33,myself,73.56,7
1003,623,2023-07-14,66,way,7.21,9
1004,971,2023-01-08,65,color,24.28,5
1005,749,2022-12-09,84,do,77.32,1
1006,989,2023-04-21,3,level,44.38,2
1007,975,2022-12-08,36,maintain,72.68,1
1008,31,2023-02-20,64,phone,69.48,7
1009,972,2023-09-01,69,artist,38.22,8
1010,537,2023-04-03,57,who,57.81,8
1011,593,2023-02-06,24,national,81.59,1
1012,622,2023-09-06,46,recognize,24.97,7
1013,69,2022-12-28,29,finally,14.25,10
1014,465,2023-02-20,81,set,17.23,8
1015,324,2023-07-02,57,character,86.71,3
1016,501,2023-01-19,33,forward,51.67,9
1017,741,2023-02-04,29,huge,78.65,6
1018,945,2023-06-25,66,happy,30.06,9
1019,666,2023-04-15,77,authority,14.14,3
1020,517,2023-03-20,18,open,18.81,6
1021,200,2023-03-05,6,training,7.56,8
1022,80,2022-11-07,74,determine,54.74,3
1023,644,2023-03-09,60,back,58.5,10
1024,265,2023-06-25,11,their,33.73,3
1025,903,2023-08-16,60,girl,91.72,1
1026,338,2023-07-08,14,on,88.77,10
1027,694,2023-03-15,15,officer,34.11,5
1028,595,2023-01-15,47,soldier,22.15,1
1029,673,2023-01-30,97,recently,50.13,7
1030,649,2022-12-22,28,business,13.68,5
1031,967,2023-07-03,63,require,46.03,8
1032,909,2023-04-23,49,media,18.82,4
1033,781,2022-11-17,55,career,64.67,4
1034,275,2023-05-10,10,want,81.89,8
1035,330,2023-01-31,47,top,32.68,8
1036,352,2023-06-04,32,rich,20.42,3
1037,722,2023-07-18,44,investment,81.31,8
1038,159,2023-01-04,13,I,55.99,10
1039,456,2022-09-30,94,word,35.21,2
1040,677,2023-06-08,41,ten,20.5,6
1041,679,2023-09-03,92,common,99.9,2
1042,388,2023-06-15,42,must,77.09,5
1043,342,2023-05-27,98,also,87.09,4
1044,675,2023-09-05,84,gas,33.73,3
1045,174,2023-06-30,72,long,20.11,4
1046,82,2023-02-12,92,seem,54.75,5
1047,919,2023-08-05,91,pay,15.05,7
1048,763,2023-05-14,12,daughter,42.15,8
1049,680,2023-05-26,19,campaign,72.15,1
1050,944,2023-04-09,15,care,19.36,2
1051,855,2023-01-10,52,crime,62.71,2
1052,289,2023-05-31,11,model,59.79,2
1053,223,2023-04-19,96,yard,90.47,7
1054,924,2023-07-05,23,student,55.45,5
1055,783,2023-09-25,44,despite,64.53,7
1056,268,2022-11-11,23,when,92.03,2
1057,217,2023-04-01,82,base,54.41,6
1058,692,2022-10-15,95,on,48.3,2
1059,340,2022-12-20,67,professor,45.31,5
1060,470,2022-11-09,8,attention,18.3,3
1061,512,2023-05-04,29,marriage,93.29,2
1062,129,2023-07-11,98,most,46.8,2
1063,370,2023-04-12,97,personal,26.35,6
1064,138,2023-05-13,26,everything,27.5,9
1065,323,2023-03-28,85,myself,52.18,6
1066,604,2023-04-30,82,either,86.37,9
1067,679,2023-08-05,35,thought,78.5,1
1068,638,2022-10-28,88,when,64.07,3
1069,279,2023-04-11,26,bit,52.55,2
1070,320,2023-08-27,57,ago,21.53,1
1071,467,2023-08-07,68,single,98.35,9
1072,628,2023-06-01,73,side,56.92,7
1073,892,2023-07-30,54,fire,35.16,6
1074,233,2023-08-06,43,eye,99.22,3
1075,533,2023-08-30,93,word,75.08,1
1076,999,2023-03-22,95,professor,50.77,3
1077,2,2023-06-14,11,wear,58.39,1
1078,873,2023-01-01,18,yet,77.68,2
1079,57,2023-09-26,42,clear,91.2,4
1080,785,2023-08-03,9,send,69.15,4
1081,750,2023-03-21,23,market,90.01,6
1082,979,2023-02-02,50,table,98.71,9
1083,635,2023-01-01,87,dark,98.53,7
1084,215,2022-10-26,51,money,73.37,10
1085,755,2023-03-15,29,their,59.05,8
1086,756,2023-02-15,2,tree,44.42,4
1087,65,2022-10-04,75,focus,65.43,6
1088,769,2023-02-09,36,raise,88.89,8
1089,351,2023-07-10,68,laugh,44.27,6
1090,829,2022-10-03,35,be,54.06,5
1091,455,2023-03-19,69,fall,36.55,6
1092,953,2022-12-31,52,president,99.24,5
1093,951,2023-04-17,90,yourself,6.36,8
1094,771,2023-07-03,39,art,43.3,3
1095,942,2022-10-03,23,poor,50.35,3
1096,640,2023-01-06,25,onto,12.4,5
1097,515,2023-08-06,65,officer,20.56,3
1098,678,2023-02-15,63,eye,16.53,4
1099,445,2023-07-01,24,sort,16.04,1
1100,529,2023-06-16,5,friend,71.79,2
1101,809,2023-07-25,96,time,73.66,10
1102,141,2023-04-27,19,finally,58.48,6
1103,375,2022-12-05,13,Mr,14.1,8
1104,129,2022-10-16,43,treatment,59.48,9
1105,209,2023-09-20,78,car,26.26,10
1106,584,2023-05-04,57,serious,62.29,2
1107,144,2023-04-06,54,another,84.78,2
1108,768,2023-09-16,25,training,94.34,3
1109,183,2022-12-21,89,without,30.24,6
1110,174,2023-04-10,58,little,98.77,6
1111,560,2023-06-08,13,teach,76.69,7
1112,12,2023-02-17,8,happy,22.92,7
1113,906,2023-01-27,32,look,81.22,7
1114,604,2023-03-24,16,benefit,36.18,8
1115,623,2023-07-04,64,face,33.21,7
1116,893,2022-12-01,92,show,10.61,6
1117,174,2023-01-01,12,want,58.23,8
1118,7,2023-03-18,80,myself,64.42,3
1119,753,2023-03-08,72,just,99.99,6
1120,697,2023-09-13,96,position,48.15,2
1121,811,2023-01-14,50,especially,82.82,5
1122,480,2023-04-14,37,push,7.77,1
1123,829,2022-11-02,59,democratic,82.05,3
1124,827,2023-08-28,39,home,36.31,10
1125,160,2023-02-20,63,history,81.05,1
1126,624,2022-11-03,42,cultural,91.2,7
1127,827,2023-07-24,4,music,33.38,3
1128,975,2023-03-24,74,site,81.68,3
1129,81,2022-10-13,54,heart,87.14,9
1130,885,2022-12-31,58,even,87.64,9
1131,658,2022-12-09,100,town,18.17,7
1132,842,2023-03-18,44,almost,17.56,9
1133,369,2023-02-13,76,decide,21.01,2
1134,96,2022-10-25,32,event,15.67,8
1135,927,2023-09-17,92,interview,97.18,4
1136,29,2023-03-23,49,black,36.33,6
1137,605,2023-04-14,33,yet,47.08,9
1138,768,2022-10-11,5,author,34.6,8
1139,444,2023-01-29,29,market,88.23,8
1140,16,2022-12-26,67,happy,82.88,7
1141,731,2023-03-19,44,meeting,25.37,10
1142,358,2022-10-14,38,act,81.08,3
1143,744,2023-06-06,92,try,31.7,2
1144,361,2023-02-07,95,sea,40.91,5
1145,832,2023-02-28,33,card,72.52,10
1146,848,2023-07-10,22,tend,87.18,1
1147,684,2022-12-08,10,left,83.21,7
1148,422,2023-09-23,11,exist,12.3,10
1149,256,2023-09-15,69,surface,11.4,6
1150,761,2023-07-05,58,beautiful,98.59,10
1151,814,2023-06-27,13,throw,78.41,3
1152,785,2023-07-07,78,dream,60.89,1
1153,896,2023-08-10,57,wide,78.73,4
1154,550,2023-09-09,8,mind,51.89,1
1155,665,2023-01-10,7,born,61.45,3
1156,505,2023-06-22,97,low,67.56,9
1157,298,2023-07-06,74,despite,75.36,10
1158,90,2023-05-19,20,car,40.41,9
1159,828,2023-07-18,1,radio,88.95,10
1160,343,2022-12-30,84,kind,34.43,9
1161,811,2023-04-06,29,be,60.17,1
1162,588,2022-10-20,53,teacher,38.63,6
1163,987,2022-10-21,36,able,83.53,6
1164,841,2023-09-23,13,service,33.54,3
1165,361,2023-04-14,5,both,73.71,10
1166,931,2023-02-07,52,suddenly,5.81,4
1167,841,2022-12-02,56,worry,59.18,5
1168,833,2023-01-18,1,everybody,21.67,10
1169,466,2022-11-21,69,direction,11.42,1
1170,685,2023-07-19,6,tax,80.77,3
1171,403,2022-12-03,50,three,61.79,4
1172,667,2023-01-24,71,relationship,15.21,1
1173,404,2023-06-01,52,court,82.55,3
1174,863,2023-02-16,49,mind,7.5,6
1175,646,2023-09-04,54,section,54.29,9
1176,832,2022-11-04,46,young,61.61,1
1177,426,2022-10-15,64,quickly,53.73,1
1178,858,2023-07-22,26,gun,37.14,3
1179,582,2023-05-07,26,son,25.17,4
1180,123,2023-01-21,38,opportunity,76.95,6
1181,751,2023-04-30,40,course,80.46,3
1182,591,2023-07-02,93,economic,44.43,1
1183,968,2023-09-20,49,environmental,80.78,2
1184,775,2023-09-15,73,federal,97.6,8
1185,167,2023-01-20,49,picture,79.61,7
1186,781,2023-09-04,50,actually,17.23,8
1187,905,2023-07-14,80,suddenly,70.43,6
1188,942,2023-04-27,6,think,66.12,9
1189,234,2023-03-05,28,truth,53.74,8
1190,230,2023-02-05,74,sometimes,74.24,9
1191,114,2023-06-29,20,network,88.57,5
1192,29,2022-10-02,41,can,15.81,10
1193,987,2023-09-16,82,product,99.6,10
1194,809,2023-03-10,24,back,56.92,5
1195,14,2022-11-12,98,never,79.92,3
1196,46,2023-01-26,66,also,25.54,8
1197,684,2022-10-29,79,me,30.66,7
1198,883,2023-05-05,100,six,10.7,4
1199,604,2023-04-08,35,under,23.35,2
1200,712,2022-10-31,35,society,51.75,5
1201,60,2023-02-06,34,often,71.23,6
1202,292,2023-06-20,25,me,92.08,4
1203,247,2023-09-20,26,common,22.86,7
1204,125,2022-11-20,69,mention,98.47,3
1205,994,2022-11-12,45,magazine,90.85,1
1206,899,2022-11-08,69,easy,68.56,9
1207,445,2023-01-22,88,relationship,15.4,4
1208,524,2023-01-04,39,program,74.96,2
1209,513,2023-03-06,55,there,69.04,6
1210,184,2023-06-10,19,green,80.76,5
1211,750,2023-07-06,95,cut,77.09,3
1212,498,2023-04-17,38,nice,28.47,9
1213,595,2023-03-23,89,road,27.85,8
1214,820,2023-02-08,25,let,39.04,5
1215,954,2023-08-01,42,exist,93.2,2
1216,811,2022-10-31,18,development,49.04,6
1217,519,2023-07-31,17,kid,10.96,8
1218,411,2023-07-05,99,without,50.8,10
1219,320,2023-02-15,62,five,18.39,1
1220,421,2023-07-06,89,admit,81.0,8
1221,608,2023-06-10,23,feeling,11.47,2
1222,890,2023-02-27,51,almost,26.97,2
1223,436,2023-03-15,81,gas,94.91,5
1224,555,2023-05-26,4,must,58.77,7
1225,760,2023-08-13,53,think,54.76,4
1226,909,2023-08-17,100,phone,28.31,2
1227,973,2022-12-25,15,mind,55.85,3
1228,304,2023-03-07,46,plan,51.11,4
1229,443,2023-02-18,100,leader,19.16,10
1230,614,2023-09-22,24,grow,97.31,3
1231,780,2023-05-07,85,popular,87.4,6
1232,154,2022-12-11,14,fine,53.77,10
1233,913,2023-03-15,32,guy,14.71,9
1234,994,2022-12-05,14,product,74.94,8
1235,536,2022-12-01,79,ok,71.32,8
1236,294,2022-12-07,43,interest,88.72,2
1237,214,2023-06-16,6,resource,65.22,7
1238,266,2023-06-13,66,thank,72.51,4
1239,603,2022-11-29,44,support,29.73,2
1240,823,2023-02-25,58,that,80.9,1
1241,688,2023-02-03,13,whether,46.73,5
1242,782,2023-07-06,43,help,29.15,1
1243,352,2023-08-24,94,east,35.52,4
1244,836,2023-01-13,46,prepare,74.42,6
1245,932,2023-07-02,92,respond,40.64,1
1246,404,2023-03-31,81,friend,60.2,5
1247,411,2022-11-01,78,both,7.09,2
1248,322,2022-10-27,4,employee,46.24,2
1249,856,2023-09-24,17,room,9.82,9
1250,299,2023-08-23,26,hospital,76.61,6
1251,249,2023-05-23,73,up,12.87,4
1252,684,2023-09-21,56,develop,35.15,5
1253,22,2023-09-06,9,century,48.78,7
1254,219,2023-09-20,21,class,73.9,8
1255,12,2022-10-02,21,action,87.2,3
1256,586,2023-04-25,88,forward,91.52,2
1257,379,2023-06-26,99,enough,10.16,4
1258,886,2023-09-16,29,just,52.16,5
1259,580,2023-08-22,48,not,74.96,9
1260,322,2022-11-20,84,hot,78.1,8
1261,949,2022-10-20,79,ready,53.05,1
1262,250,2022-12-19,17,around,75.4,4
1263,101,2022-11-08,18,idea,15.03,10
1264,574,2023-02-10,12,turn,61.05,10
1265,445,2022-10-07,59,use,66.79,7
1266,15,2023-07-13,95,industry,63.56,9
1267,641,2023-06-21,41,fish,71.81,4
1268,130,2022-11-02,79,loss,33.45,5
1269,689,2023-05-22,52,support,61.51,1
1270,470,2023-05-26,74,discuss,58.85,7
1271,271,2023-09-07,72,word,67.94,2
1272,841,2023-08-07,41,black,59.46,5
1273,987,2023-09-01,90,wish,53.8,8
1274,458,2023-09-01,14,child,92.03,5
1275,331,2023-04-10,89,do,12.24,7
1276,887,2023-03-05,44,purpose,75.59,2
1277,862,2023-02-03,92,best,36.26,10
1278,108,2023-05-26,72,huge,23.66,1
1279,960,2023-03-21,3,summer,6.72,8
1280,113,2022-12-15,67,a,68.26,1
1281,512,2023-01-30,95,before,27.47,9
1282,309,2023-08-08,34,gun,24.08,7
1283,618,2023-03-04,58,produce,91.23,5
1284,339,2022-11-16,2,fear,77.07,10
1285,795,2023-05-09,78,what,94.42,5
1286,110,2023-02-07,44,for,70.88,3
1287,395,2023-03-18,59,billion,29.91,6
1288,286,2022-10-28,80,method,92.09,4
1289,727,2023-06-17,24,energy,57.36,8
1290,478,2022-10-13,34,power,50.2,2
1291,952,2023-03-27,88,expect,99.75,9
1292,54,2023-05-21,100,serve,28.84,6
1293,369,2023-06-20,8,ball,41.47,6
1294,179,2022-10-01,37,night,88.92,1
1295,554,2023-05-08,65,present,33.77,5
1296,777,2023-08-05,80,far,64.55,2
1297,838,2023-08-09,45,raise,83.77,8
1298,852,2023-08-26,80,note,21.51,10
1299,302,2022-12-10,89,TV,30.12,1
1300,457,2023-07-02,21,wide,28.18,4
1301,117,2023-05-20,83,officer,9.53,8
1302,812,2023-06-23,49,around,66.42,10
1303,856,2022-11-14,5,chance,35.82,1
1304,471,2022-11-01,33,deep,25.16,3
1305,477,2023-09-17,14,well,71.08,7
1306,576,2022-11-03,8,strong,30.11,3
1307,60,2023-06-04,2,despite,29.47,9
1308,677,2023-04-20,100,last,83.53,5
1309,822,2023-06-27,9,instead,36.68,10
1310,347,2023-03-27,34,live,36.77,1
1311,758,2022-12-26,67,spring,27.62,9
1312,725,2022-12-28,3,fire,69.44,7
1313,327,2022-10-14,6,born,54.81,4
1314,733,2023-04-21,95,force,15.85,4
1315,31,2022-10-18,94,for,56.19,6
1316,154,2023-07-22,92,low,27.89,8
1317,554,2022-10-06,64,pick,46.18,8
1318,269,2022-12-17,23,evening,8.64,5
1319,870,2022-10-07,95,whole,37.45,5
1320,235,2022-12-18,51,doctor,5.52,2
1321,140,2022-12-25,77,never,36.36,10
1322,169,2023-03-15,3,here,8.95,9
1323,958,2023-01-19,21,customer,94.89,3
1324,81,2023-02-15,18,single,19.35,3
1325,418,2023-01-03,50,begin,6.78,5
1326,353,2023-04-04,100,expect,58.53,1
1327,243,2023-03-28,76,help,92.34,6
1328,794,2023-08-02,99,message,39.9,2
1329,589,2023-01-10,87,plan,70.11,6
1330,67,2023-04-04,53,page,22.83,10
1331,259,2022-12-16,20,bed,25.22,9
1332,190,2023-01-07,77,computer,17.82,9
1333,803,2022-10-30,15,hit,35.28,10
1334,574,2022-12-27,81,and,63.96,10
1335,170,2022-11-20,46,sing,29.26,5
1336,458,2023-02-20,24,church,42.52,6
1337,100,2023-01-03,41,return,19.22,3
1338,345,2023-02-21,58,church,78.21,6
1339,816,2023-04-17,48,coach,30.47,6
1340,839,2023-09-23,20,sport,44.33,4
1341,205,2023-05-21,21,data,60.31,10
1342,438,2022-12-14,85,every,80.61,4
1343,784,2023-04-19,1,player,39.73,1
1344,452,2022-09-30,53,allow,97.05,10
1345,829,2022-12-15,13,top,84.9,7
1346,297,2023-08-01,80,perhaps,70.54,7
1347,4,2023-01-17,91,federal,63.27,7
1348,630,2023-01-25,63,executive,84.91,8
1349,615,2023-04-10,55,more,98.36,7
1350,63,2022-11-02,40,major,21.72,6
1351,125,2023-05-16,65,test,64.18,3
1352,590,2023-01-30,50,cost,26.64,3
1353,262,2023-02-28,3,enter,95.62,8
1354,808,2023-07-29,99,worker,34.79,6
1355,521,2023-07-30,97,blood,25.81,10
1356,854,2023-04-09,4,happy,51.66,3
1357,278,2023-03-02,27,everyone,40.51,5
1358,639,2023-01-18,56,another,96.13,4
1359,933,2022-11-06,1,water,25.96,10
1360,397,2023-06-06,18,coach,86.72,10
1361,822,2023-03-04,71,in,23.96,3
1362,923,2023-07-31,50,strategy,58.64,8
1363,370,2023-03-12,87,upon,49.61,3
1364,32,2023-03-05,96,simply,61.93,7
1365,354,2023-06-30,40,certainly,80.77,5
1366,981,2023-01-07,64,list,29.73,10
1367,247,2023-04-12,60,number,81.75,4
1368,710,2023-02-01,24,development,52.18,8
1369,39,2023-01-03,95,usually,91.24,7
1370,208,2023-07-11,68,much,32.78,7
1371,107,2022-11-06,40,reason,30.68,3
1372,773,2023-09-09,27,fill,34.2,3
1373,356,2023-08-04,27,today,87.95,10
1374,819,2023-01-01,21,mention,10.7,3
1375,958,2023-01-02,33,top,59.6,5
1376,191,2023-04-01,8,method,31.51,6
1377,111,2023-09-03,53,raise,29.75,10
1378,575,2023-09-20,68,talk,64.43,2
1379,984,2023-05-21,72,option,94.07,1
1380,31,2023-03-17,44,research,74.22,10
1381,496,2023-01-07,41,west,89.55,10
1382,821,2023-08-09,30,interest,16.34,7
1383,973,2022-12-04,86,military,12.94,5
1384,892,2022-12-21,99,sense,56.82,3
1385,42,2023-05-27,2,budget,16.97,6
1386,831,2022-12-18,4,their,40.39,6
1387,529,2023-04-12,76,relate,97.72,10
1388,409,2023-05-05,70,picture,94.63,2
1389,108,2023-09-27,80,tree,57.61,4
1390,331,2023-01-03,83,history,57.72,3
1391,43,2023-02-27,11,others,92.35,6
1392,213,2023-02-14,53,cold,59.16,2
1393,422,2023-01-01,27,maybe,37.15,2
1394,957,2023-07-31,93,coach,76.72,3
1395,280,2023-04-06,31,oil,92.8,3
1396,221,2023-07-17,50,beat,46.35,4
1397,12,2023-09-27,67,real,31.65,4
1398,985,2023-05-11,66,throw,14.67,10
1399,372,2023-03-19,82,trade,87.07,5
1400,522,2023-01-16,30,anyone,52.38,4
1401,580,2023-08-20,7,cause,58.79,2
1402,272,2023-01-25,56,fill,65.87,1
1403,103,2023-07-12,42,one,36.41,10
1404,290,2023-05-14,13,glass,27.85,5
1405,808,2023-05-18,74,instead,11.17,7
1406,492,2023-07-07,20,simply,91.11,4
1407,134,2023-06-14,31,beat,18.1,10
1408,56,2022-10-05,60,could,50.28,9
1409,241,2022-10-19,55,be,87.55,4
1410,639,2022-10-12,13,his,36.58,5
1411,105,2023-05-06,58,teacher,47.82,8
1412,269,2023-09-12,62,develop,23.11,8
1413,686,2022-10-18,21,pull,62.26,10
1414,414,2023-06-12,45,now,45.85,7
1415,172,2023-09-05,17,medical,73.88,9
1416,502,2023-07-10,15,name,80.81,10
1417,926,2022-12-25,45,someone,69.81,10
1418,284,2023-04-23,1,we,34.03,4
1419,405,2022-10-15,29,build,32.49,6
1420,26,2023-05-24,47,spring,82.43,7
1421,950,2023-01-27,94,level,76.43,10
1422,814,2022-11-05,81,fact,57.1,1
1423,768,2023-06-29,7,would,10.07,10
1424,308,2023-01-31,58,child,36.5,1
1425,923,2023-07-01,72,begin,41.29,7
1426,281,2023-02-08,95,kind,9.15,6
1427,46,2022-10-30,8,power,38.16,2
1428,636,2022-11-26,89,medical,75.87,1
1429,898,2022-10-21,81,night,54.95,2
1430,855,2022-12-25,74,include,76.67,1
1431,218,2022-11-13,76,paper,60.19,5
1432,104,2022-12-29,14,feeling,22.16,3
1433,568,2022-10-04,31,when,26.98,10
1434,936,2023-05-18,34,article,43.01,1
1435,535,2023-04-27,68,sing,51.36,2
1436,893,2023-05-21,30,total,17.36,8
1437,68,2023-04-27,32,first,26.69,2
1438,160,2022-10-26,56,college,87.88,8
1439,431,2023-05-20,33,his,62.81,4
1440,563,2022-12-24,5,source,57.48,7
1441,159,2023-09-01,90,environmental,51.86,10
1442,829,2023-04-12,18,herself,9.58,5
1443,396,2023-05-05,75,not,50.58,8
1444,611,2023-08-24,96,dark,81.28,6
1445,792,2023-03-29,82,develop,87.57,4
1446,863,2022-12-23,9,beautiful,33.39,9
1447,514,2023-06-05,31,eat,37.3,5
1448,246,2023-02-03,66,perform,46.26,5
1449,807,2023-01-20,49,white,35.62,6
1450,862,2023-04-01,27,remember,85.1,5
1451,307,2023-04-07,25,south,14.65,7
1452,966,2022-12-24,69,behind,20.57,4
1453,429,2022-12-07,60,remember,87.37,4
1454,282,2023-08-13,67,artist,94.14,7
1455,884,2023-09-05,9,just,60.6,8
1456,451,2023-05-05,87,able,14.19,3
1457,655,2023-09-09,16,best,81.77,5
1458,272,2023-08-03,2,sing,42.07,4
1459,26,2023-07-20,78,carry,20.47,1
1460,426,2023-01-21,55,machine,36.65,7
1461,824,2023-04-01,93,consumer,41.08,5
1462,947,2023-08-01,61,alone,67.81,10
1463,605,2022-10-02,2,bill,91.19,1
1464,155,2023-05-07,79,visit,98.69,4
1465,169,2023-02-03,93,base,36.56,3
1466,518,2023-05-03,38,hundred,93.7,8
1467,253,2023-08-29,82,pattern,12.09,3
1468,636,2023-04-11,25,scene,28.41,1
1469,917,2022-10-13,92,only,7.63,5
1470,309,2023-05-19,94,of,54.98,7
1471,478,2023-04-30,79,able,97.19,3
1472,40,2023-02-22,22,organization,67.12,1
1473,535,2023-04-06,52,compare,38.66,6
1474,27,2023-01-12,87,long,88.28,9
1475,238,2023-01-09,34,what,98.79,1
1476,444,2023-08-17,58,end,96.09,3
1477,855,2023-05-18,28,raise,64.93,9
1478,529,2023-07-21,13,conference,54.74,9
1479,946,2023-05-10,52,still,35.56,4
1480,756,2023-09-26,77,type,10.64,5
1481,919,2022-09-28,12,institution,89.29,10
1482,600,2023-01-17,24,technology,15.21,1
1483,490,2022-11-08,46,marriage,28.76,3
1484,39,2023-03-30,92,bed,55.05,3
1485,441,2023-03-07,96,will,72.73,4
1486,308,2023-05-02,78,official,95.28,10
1487,53,2022-11-19,7,page,26.85,10
1488,788,2023-06-01,86,something,76.73,5
1489,466,2023-08-11,93,cause,63.08,5
1490,538,2023-05-02,43,continue,99.45,3
1491,69,2023-05-19,83,response,46.89,2
1492,844,2023-08-06,94,attack,14.25,3
1493,169,2023-01-30,44,figure,44.41,9
1494,258,2023-03-22,93,oil,38.44,6
1495,261,2023-02-03,65,customer,88.08,1
1496,533,2023-04-27,9,probably,94.45,7
1497,678,2023-04-24,15,decision,59.69,7
1498,471,2023-01-13,10,computer,75.98,8
1499,857,2022-12-10,81,arrive,18.93,3
1500,419,2023-03-29,72,process,96.02,6
1501,436,2022-11-04,36,good,31.86,2
1502,998,2023-08-11,82,control,58.83,9
1503,942,2023-06-14,41,should,91.82,10
1504,194,2023-03-13,72,environmental,68.27,1
1505,854,2023-06-01,29,society,47.23,9
1506,419,2023-08-26,18,citizen,57.61,1
1507,737,2023-01-27,26,feeling,93.09,9
1508,211,2023-03-28,34,better,10.24,6
1509,712,2023-07-26,94,character,32.03,3
1510,38,2023-03-13,25,read,64.34,4
1511,459,2023-06-28,38,everyone,5.31,7
1512,447,2022-11-12,71,always,70.68,1
1513,710,2023-06-14,22,carry,69.22,6
1514,430,2023-03-03,30,suggest,88.07,5
1515,788,2023-04-09,52,want,52.54,10
1516,159,2023-09-27,93,trial,13.67,4
1517,681,2023-04-08,6,test,97.35,7
1518,286,2022-11-12,43,think,98.97,9
1519,733,2023-02-11,97,couple,27.47,10
1520,582,2023-08-21,5,deal,79.25,4
1521,211,2023-09-25,36,once,20.27,3
1522,463,2023-01-13,30,until,9.15,4
1523,406,2023-03-31,51,recognize,45.16,1
1524,150,2023-08-30,79,until,32.38,5
1525,672,2023-08-24,6,prove,58.9,5
1526,498,2022-10-15,49,brother,15.72,6
1527,92,2023-05-27,86,international,48.49,4
1528,634,2023-09-24,75,peace,9.21,2
1529,367,2022-11-13,85,boy,48.8,4
1530,318,2022-10-02,38,still,75.36,1
1531,70,2022-10-24,86,tax,62.26,4
1532,508,2022-11-21,27,everybody,51.43,9
1533,694,2023-06-15,94,worry,43.51,8
1534,965,2023-08-14,21,sometimes,19.66,1
1535,538,2023-04-05,59,office,12.03,7
1536,642,2023-04-12,90,government,35.41,3
1537,83,2023-03-10,73,hope,77.93,10
1538,349,2023-04-02,59,pass,63.82,8
1539,694,2022-10-27,54,kind,9.85,5
1540,299,2023-07-09,69,shake,32.97,7
1541,952,2023-06-24,100,face,61.06,8
1542,71,2023-01-15,61,throw,32.66,8
1543,701,2023-03-18,71,boy,39.83,8
1544,635,2022-11-25,9,degree,66.94,4
1545,771,2023-06-09,54,human,49.02,8
1546,662,2022-12-11,19,indeed,78.94,8
1547,910,2023-07-16,47,factor,11.11,10
1548,215,2023-03-27,76,Democrat,17.87,9
1549,293,2023-03-20,84,reality,12.7,1
1550,894,2023-07-02,72,minute,60.52,9
1551,974,2023-09-22,59,compare,81.62,8
1552,285,2023-05-27,24,stuff,5.49,7
1553,361,2023-05-27,39,foot,46.54,1
1554,48,2023-03-11,32,prepare,45.21,2
1555,48,2023-09-26,49,toward,49.63,4
1556,120,2023-08-26,35,certainly,94.35,3
1557,486,2023-09-19,78,organization,9.48,1
1558,258,2023-03-14,19,mission,46.58,3
1559,914,2023-01-05,28,know,27.72,4
1560,930,2023-05-25,70,happy,67.52,1
1561,821,2023-07-22,58,hope,51.41,3
1562,662,2022-11-02,10,them,10.86,10
1563,50,2022-11-16,8,necessary,65.52,7
1564,787,2023-04-26,99,already,30.09,1
1565,507,2023-03-17,34,alone,81.0,2
1566,569,2023-05-24,20,table,12.6,6
1567,645,2023-06-06,67,fire,85.51,4
1568,868,2023-03-20,69,add,69.46,10
1569,804,2023-04-12,28,spend,58.31,5
1570,537,2023-03-29,32,standard,20.0,6
1571,69,2022-12-05,13,whole,32.1,7
1572,521,2023-06-12,33,story,55.34,2
1573,381,2023-07-30,51,change,16.45,3
1574,835,2023-06-23,7,yet,43.81,9
1575,32,2023-07-03,73,newspaper,30.83,10
1576,751,2023-09-19,41,their,27.41,1
1577,57,2023-09-05,5,kid,7.07,6
1578,115,2023-06-15,81,page,74.83,2
1579,292,2023-06-22,33,term,49.33,2
1580,434,2023-03-03,30,paper,30.16,10
1581,615,2023-04-13,94,but,69.69,2
1582,915,2023-08-27,18,perhaps,56.72,6
1583,371,2023-08-23,35,who,92.17,1
1584,65,2022-11-10,53,away,32.68,6
1585,287,2023-07-14,1,charge,18.09,6
1586,226,2023-04-10,27,believe,12.19,6
1587,547,2023-06-23,85,share,11.93,3
1588,653,2023-04-03,80,worry,27.17,9
1589,91,2023-08-20,37,poor,95.87,9
1590,780,2022-12-16,100,still,41.0,6
1591,221,2023-01-26,60,go,61.29,4
1592,986,2023-01-22,60,commercial,53.01,8
1593,991,2023-04-25,26,southern,38.39,10
1594,321,2023-09-14,44,easy,73.27,10
1595,634,2022-10-18,4,term,82.28,7
1596,771,2023-07-25,83,nature,74.27,6
1597,399,2023-03-25,55,serve,40.53,3
1598,872,2023-04-06,48,end,93.85,7
1599,725,2023-05-06,72,country,89.12,4
1600,812,2022-12-23,27,relationship,11.49,7
1601,859,2023-03-22,27,case,22.4,1
1602,346,2023-06-27,49,kitchen,66.8,2
1603,806,2022-11-22,78,win,57.11,1
1604,374,2023-04-10,20,military,20.59,8
1605,426,2023-07-09,44,could,33.5,5
1606,991,2023-05-18,42,movement,45.62,3
1607,463,2023-08-18,87,institution,18.1,8
1608,143,2023-04-13,53,often,56.35,6
1609,325,2023-04-22,16,page,7.85,3
1610,713,2023-02-03,46,anyone,35.92,4
1611,126,2023-02-10,92,do,92.15,6
1612,630,2023-03-05,7,threat,13.91,8
1613,894,2023-05-07,82,forget,97.64,10
1614,236,2022-10-20,3,security,48.22,2
1615,244,2022-11-25,10,oil,24.45,10
1616,203,2023-02-14,46,while,40.29,5
1617,712,2023-06-11,36,relate,85.78,1
1618,348,2022-10-29,80,particularly,10.64,3
1619,421,2023-01-24,11,him,74.66,7
1620,943,2022-11-20,71,successful,90.07,3
1621,676,2023-04-11,59,who,50.2,9
1622,687,2023-02-25,83,one,34.85,6
1623,24,2023-06-19,11,close,49.22,1
1624,974,2023-06-20,32,clear,55.01,2
1625,944,2023-02-25,49,human,14.45,3
1626,871,2023-05-23,62,well,59.63,5
1627,587,2022-10-06,50,scene,5.53,9
1628,33,2023-04-22,74,both,25.62,3
1629,610,2022-12-05,23,court,48.89,3
1630,464,2023-07-03,25,field,6.05,1
1631,953,2023-01-23,66,show,49.71,8
1632,398,2023-01-25,35,rich,84.66,8
1633,347,2023-09-14,79,wall,62.93,2
1634,779,2022-10-24,22,energy,59.66,1
1635,459,2023-06-03,63,life,88.62,5
1636,435,2023-09-03,29,ability,77.5,1
1637,33,2023-07-07,94,arrive,93.31,6
1638,392,2023-01-10,63,who,27.36,10
1639,24,2023-05-25,69,company,64.62,4
1640,998,2023-07-30,73,tax,78.98,4
1641,709,2023-02-01,20,south,79.62,9
1642,550,2022-11-21,90,difference,22.26,10
1643,938,2022-10-11,14,possible,99.68,5
1644,393,2023-08-05,28,large,10.97,6
1645,841,2022-12-16,51,night,19.18,7
1646,828,2023-03-01,69,appear,51.53,2
1647,271,2023-03-18,55,give,38.95,6
1648,920,2023-04-05,99,quickly,42.92,7
1649,688,2022-11-22,34,church,5.67,8
1650,376,2023-06-01,28,any,13.78,1
1651,385,2023-07-26,54,term,24.32,7
1652,255,2023-05-23,84,develop,64.84,7
1653,326,2023-08-09,15,capital,6.6,5
1654,77,2023-03-11,28,stop,33.67,2
1655,210,2023-03-03,21,serve,27.37,7
1656,653,2023-06-12,42,authority,32.84,3
1657,247,2023-01-07,84,as,54.47,1
1658,770,2023-01-27,17,upon,51.16,10
1659,68,2023-05-10,1,statement,34.23,8
1660,743,2023-08-13,35,push,23.76,9
1661,144,2022-10-31,81,light,85.55,6
1662,313,2022-12-01,18,agreement,22.57,6
1663,414,2023-06-12,91,believe,33.11,8
1664,494,2023-03-18,54,suffer,21.86,8
1665,215,2022-10-09,34,need,77.64,7
1666,503,2023-05-11,8,affect,37.56,8
1667,352,2023-06-26,81,her,9.65,8
1668,374,2022-12-09,83,eight,65.07,2
1669,96,2023-03-30,96,perform,86.61,5
1670,666,2023-01-19,38,body,64.24,6
1671,907,2023-08-28,84,lawyer,66.44,2
1672,355,2023-05-21,87,area,47.46,7
1673,560,2023-07-12,5,particular,42.84,6
1674,653,2023-08-06,1,industry,38.66,1
1675,974,2023-01-19,76,behavior,49.68,9
1676,628,2023-02-17,55,husband,25.94,1
1677,993,2023-03-21,40,too,53.91,9
1678,200,2022-10-09,78,fish,56.14,4
1679,702,2023-05-03,15,somebody,53.02,2
1680,563,2022-12-31,7,will,29.92,6
1681,53,2023-03-07,58,draw,70.12,3
1682,521,2023-03-22,76,office,6.72,10
1683,625,2022-11-22,53,Republican,28.78,5
1684,629,2023-04-27,95,energy,55.57,4
1685,301,2023-05-14,21,clear,28.42,4
1686,965,2023-03-06,63,save,75.24,4
1687,785,2023-09-23,35,decade,82.68,4
1688,944,2023-01-19,74,theory,73.1,3
1689,65,2023-08-10,50,nor,23.4,4
1690,849,2022-09-29,79,throughout,62.34,7
1691,888,2023-06-21,21,think,51.18,5
1692,630,2023-04-03,11,nature,91.18,2
1693,786,2023-04-17,92,child,34.23,1
1694,56,2023-08-02,45,enough,13.29,8
1695,298,2023-05-19,40,store,51.78,5
1696,228,2023-06-24,87,high,58.14,9
1697,947,2022-11-10,78,perform,15.37,6
1698,403,2023-02-03,48,free,16.24,3
1699,636,2023-04-27,61,sea,62.94,10
1700,902,2022-10-23,50,reach,55.05,5
1701,547,2023-05-27,20,man,69.75,2
1702,158,2023-04-11,12,against,29.46,4
1703,671,2023-01-28,65,board,92.85,7
1704,573,2023-04-24,45,sense,95.32,2
1705,716,2023-04-30,95,part,80.13,10
1706,745,2022-11-29,61,season,7.37,4
1707,557,2023-06-01,53,impact,6.96,7
1708,604,2023-09-09,71,not,58.1,2
1709,83,2023-03-05,44,term,44.43,5
1710,665,2023-09-22,28,lead,51.87,3
1711,647,2023-06-16,83,instead,90.08,10
1712,602,2023-05-25,37,real,54.49,8
1713,808,2023-05-29,47,information,14.3,1
1714,349,2023-07-16,98,none,38.0,3
1715,545,2023-09-26,36,draw,9.86,8
1716,186,2023-09-18,64,exactly,99.61,5
1717,652,2022-10-17,66,test,19.46,10
1718,73,2023-03-14,87,western,27.89,9
1719,703,2022-11-19,91,sort,20.36,1
1720,124,2023-01-09,67,decade,38.47,6
1721,438,2023-02-18,45,forget,26.52,2
1722,857,2023-03-12,53,himself,80.13,8
1723,737,2022-12-16,78,positive,59.95,2
1724,991,2023-03-22,74,office,62.16,10
1725,479,2023-01-11,39,somebody,7.88,9
1726,491,2023-02-19,16,raise,67.59,9
1727,737,2023-04-19,39,media,87.36,2
1728,629,2023-01-28,48,girl,8.95,10
1729,782,2023-09-21,24,half,80.15,3
1730,349,2022-11-11,62,mind,26.28,6
1731,642,2022-12-25,91,really,56.12,1
1732,382,2022-12-25,44,success,58.9,8
1733,210,2022-10-01,59,forget,44.56,10
1734,324,2023-01-18,56,dinner,45.72,4
1735,164,2023-01-16,62,pretty,9.83,4
1736,44,2023-04-15,64,lawyer,85.52,3
1737,107,2023-03-10,21,another,54.34,2
1738,703,2023-06-25,16,whose,85.54,4
1739,542,2023-02-16,3,age,20.32,3
1740,122,2023-09-21,54,wonder,86.9,9
1741,779,2023-04-29,29,month,69.18,1
1742,114,2023-09-27,15,lead,23.92,2
1743,107,2022-10-02,72,consumer,94.47,2
1744,634,2023-08-09,11,hotel,5.9,3
1745,261,2023-03-22,59,investment,60.16,3
1746,317,2022-11-17,85,management,32.89,10
1747,579,2022-11-28,79,physical,26.17,5
1748,781,2022-09-27,17,too,93.98,8
1749,171,2022-12-18,43,stock,93.27,4
1750,245,2022-10-13,17,very,75.77,7
1751,486,2023-03-16,49,law,10.74,3
1752,624,2023-01-09,3,price,31.75,1
1753,439,2022-12-05,5,up,19.22,5
1754,79,2023-07-28,86,look,23.36,10
1755,461,2023-01-11,49,its,46.53,8
1756,213,2023-01-25,36,into,70.49,2
1757,732,2022-11-21,46,could,51.71,6
1758,629,2022-11-29,3,season,67.46,2
1759,607,2022-11-05,77,floor,49.7,4
1760,710,2023-04-21,58,put,52.85,5
1761,252,2023-01-08,6,specific,93.54,6
1762,809,2023-06-07,93,benefit,53.11,1
1763,970,2023-02-08,51,check,39.84,4
1764,250,2022-12-09,25,character,35.01,10
1765,729,2023-04-23,14,director,9.68,4
1766,821,2023-07-17,46,identify,61.8,2
1767,549,2023-06-07,51,discuss,30.96,4
1768,824,2023-08-25,24,identify,46.65,8
1769,225,2023-01-08,76,church,13.9,9
1770,562,2023-01-01,24,speech,70.77,6
1771,854,2023-01-06,75,father,22.5,5
1772,731,2023-08-21,97,art,46.15,5
1773,993,2023-03-26,27,present,17.65,2
1774,703,2023-06-24,32,indicate,92.66,4
1775,318,2023-09-13,33,economic,79.31,2
1776,836,2023-01-29,19,guess,56.69,8
1777,905,2022-11-21,34,create,72.13,2
1778,115,2023-03-09,98,spring,24.08,10
1779,518,2022-10-02,32,dark,26.1,8
1780,203,2023-08-11,64,product,87.94,10
1781,508,2022-11-28,14,add,87.15,7
1782,558,2022-11-05,23,newspaper,5.13,10
1783,625,2023-01-17,17,pattern,91.75,3
1784,714,2023-06-12,50,simply,92.72,9
1785,558,2023-07-30,26,leader,87.35,4
1786,949,2023-04-03,46,why,26.5,8
1787,833,2023-04-26,82,area,93.18,7
1788,998,2022-11-14,78,chair,69.78,8
1789,44,2023-06-03,70,chair,35.51,6
1790,861,2023-01-05,21,leader,7.71,8
1791,781,2022-10-25,10,ground,57.9,10
1792,788,2023-02-12,52,someone,94.73,5
1793,587,2023-08-24,69,alone,21.95,1
1794,487,2023-06-13,15,network,71.38,4
1795,457,2023-05-05,38,car,61.04,5
1796,8,2023-03-30,91,fast,63.23,5
1797,682,2023-08-05,12,never,6.45,1
1798,923,2023-06-20,60,something,88.99,1
1799,153,2023-06-01,11,especially,10.2,5
1800,319,2022-10-05,94,already,12.02,2
1801,842,2022-12-23,11,public,98.24,10
1802,625,2023-05-29,5,blood,79.76,6
1803,342,2023-08-19,78,behind,83.85,10
1804,475,2023-08-29,4,rather,55.54,10
1805,752,2023-01-04,63,simple,74.19,7
1806,297,2023-01-30,79,shoulder,7.46,6
1807,359,2023-04-19,42,music,21.21,4
1808,405,2023-05-16,7,forward,81.58,5
1809,909,2023-09-16,99,many,62.49,4
1810,866,2023-01-30,39,central,19.41,1
1811,740,2022-10-08,52,by,82.78,5
1812,254,2023-05-29,3,relate,8.79,3
1813,768,2023-02-09,58,step,93.16,3
1814,854,2023-02-01,29,song,84.67,6
1815,305,2022-12-02,84,attorney,42.18,2
1816,526,2023-06-17,61,forget,25.91,5
1817,35,2023-04-30,47,fly,59.77,10
1818,262,2023-01-08,30,knowledge,71.58,6
1819,538,2023-08-01,38,left,31.02,7
1820,497,2022-10-26,15,often,71.49,7
1821,202,2022-10-18,84,force,21.69,4
1822,281,2023-08-31,48,nothing,66.82,9
1823,454,2023-08-21,83,identify,46.89,10
1824,945,2023-09-20,100,purpose,43.96,9
1825,456,2023-05-08,44,question,13.99,4
1826,629,2023-09-25,62,local,34.44,10
1827,772,2022-11-22,14,country,84.08,1
1828,33,2023-03-10,10,ability,69.54,4
1829,957,2023-06-01,71,high,45.16,6
1830,515,2022-10-01,13,sure,13.65,5
1831,738,2022-11-23,64,feel,49.35,1
1832,317,2023-05-21,70,myself,67.28,8
1833,380,2023-04-01,80,fire,50.03,9
1834,232,2022-12-13,82,represent,9.7,10
1835,247,2023-03-22,32,traditional,96.61,4
1836,695,2023-06-29,5,none,31.94,7
1837,345,2023-03-09,54,political,37.83,10
1838,393,2023-07-15,59,language,17.24,3
1839,237,2023-04-09,5,else,40.5,8
1840,117,2023-04-08,88,ball,95.59,5
1841,612,2022-10-18,17,culture,74.54,5
1842,38,2022-10-25,26,place,54.77,5
1843,244,2022-09-29,11,animal,48.58,9
1844,499,2023-09-20,96,picture,35.49,3
1845,314,2023-07-07,65,financial,14.89,4
1846,227,2023-03-28,47,believe,56.12,3
1847,382,2023-07-22,43,really,26.97,4
1848,885,2023-07-11,82,win,53.83,1
1849,691,2022-12-26,49,decide,29.38,7
1850,276,2022-10-16,11,property,64.5,1
1851,952,2023-02-23,75,charge,95.36,3
1852,234,2022-11-18,72,science,5.08,3
1853,603,2022-10-24,80,very,94.34,3
1854,165,2023-04-05,75,official,51.21,1
1855,672,2022-09-29,64,education,61.6,5
1856,883,2023-07-09,71,similar,88.45,6
1857,123,2023-02-01,27,black,84.34,3
1858,159,2023-07-13,36,successful,54.01,5
1859,458,2023-06-10,38,worker,23.3,4
1860,139,2023-06-26,60,ready,50.43,3
1861,525,2023-01-20,29,who,77.46,7
1862,284,2022-12-21,28,feel,38.08,5
1863,474,2023-07-04,87,color,17.58,7
1864,386,2022-09-27,58,view,43.85,4
1865,915,2023-07-14,79,up,9.84,10
1866,535,2023-03-05,96,foot,9.77,8
1867,591,2023-02-04,7,officer,44.19,10
1868,959,2023-05-28,23,local,7.64,10
1869,259,2023-07-22,23,money,11.54,1
1870,280,2023-04-15,43,prevent,96.8,5
1871,868,2022-10-23,51,animal,14.75,7
1872,755,2023-01-30,43,thought,76.36,4
1873,169,2022-11-19,78,give,47.12,7
1874,322,2023-03-05,58,employee,55.82,3
1875,833,2022-11-23,73,represent,14.27,5
1876,464,2023-02-22,80,under,85.22,3
1877,806,2023-08-15,39,data,98.55,4
1878,669,2022-10-15,65,general,37.39,7
1879,954,2023-02-09,74,but,36.86,2
1880,897,2022-11-20,47,he,51.81,2
1881,151,2022-11-01,18,commercial,68.13,5
1882,904,2023-05-31,17,listen,81.27,4
1883,166,2022-12-06,45,should,37.41,9
1884,228,2023-05-17,97,rather,27.31,1
1885,866,2023-03-01,66,good,68.46,9
1886,501,2023-08-09,48,evening,21.54,8
1887,508,2022-12-25,27,water,83.04,9
1888,394,2022-10-03,90,interview,33.7,4
1889,124,2023-01-03,67,green,74.14,7
1890,637,2022-12-06,94,leader,30.88,2
1891,100,2023-04-11,99,another,19.3,4
1892,507,2023-09-25,69,recently,22.09,8
1893,191,2022-10-25,68,successful,75.95,3
1894,27,2023-05-19,31,fast,22.74,10
1895,33,2023-01-19,44,see,38.21,8
1896,318,2022-11-02,43,it,58.67,6
1897,88,2023-09-22,39,picture,65.37,2
1898,707,2022-10-15,100,already,51.55,10
1899,656,2023-06-20,41,position,60.96,7
1900,97,2022-12-26,96,stock,16.43,1
1901,158,2022-12-22,69,such,58.71,4
1902,26,2023-02-05,11,film,58.17,5
1903,437,2023-06-12,50,most,32.64,6
1904,489,2023-05-14,8,throughout,77.55,4
1905,280,2023-07-14,90,pass,99.57,6
1906,424,2022-11-23,42,Congress,10.34,2
1907,41,2022-11-19,41,eat,86.69,3
1908,764,2022-12-28,7,move,88.67,5
1909,606,2022-10-01,100,generation,30.11,10
1910,871,2023-04-14,94,training,84.23,9
1911,819,2023-08-15,42,power,90.04,4
1912,844,2023-06-07,27,sea,18.17,8
1913,903,2023-05-31,49,line,82.61,3
1914,83,2022-12-28,34,prevent,75.8,7
1915,865,2023-05-18,42,really,69.51,5
1916,652,2023-01-22,56,assume,36.45,4
1917,645,2022-10-11,3,process,80.51,7
1918,149,2022-11-28,41,admit,11.98,3
1919,237,2022-12-16,68,these,17.23,5
1920,600,2023-06-09,6,sport,47.3,8
1921,553,2023-06-16,19,minute,66.78,7
1922,88,2022-11-01,78,three,85.7,4
1923,840,2023-01-07,59,treatment,65.42,9
1924,998,2023-06-19,42,career,57.87,1
1925,846,2023-05-23,3,form,31.13,7
1926,709,2023-08-20,19,wife,25.83,4
1927,658,2022-09-27,80,every,44.42,10
1928,895,2023-08-17,65,source,95.97,3
1929,976,2023-05-04,19,analysis,68.34,4
1930,948,2023-06-12,13,cell,97.96,1
1931,245,2023-08-13,75,continue,15.94,2
1932,665,2023-01-22,6,change,23.24,3
1933,223,2023-02-19,44,figure,43.66,7
1934,84,2022-12-27,48,focus,60.99,6
1935,660,2023-07-05,50,perhaps,16.65,6
1936,54,2022-11-10,10,leg,99.53,5
1937,305,2023-01-08,91,moment,8.43,3
1938,111,2023-04-03,48,everybody,95.53,5
1939,176,2023-08-06,59,compare,67.38,4
1940,666,2023-07-08,95,agree,28.17,2
1941,426,2023-09-12,21,response,52.3,9
1942,465,2023-02-20,70,conference,70.98,3
1943,782,2023-08-10,1,our,72.9,2
1944,18,2023-02-02,62,ready,19.6,6
1945,585,2023-05-21,7,at,13.14,9
1946,262,2023-07-19,17,say,29.69,7
1947,122,2023-07-26,95,economy,87.71,1
1948,751,2023-09-16,37,then,99.91,5
1949,426,2023-07-20,78,must,35.17,5
1950,999,2023-08-22,7,improve,87.35,8
1951,737,2023-03-20,17,medical,16.62,1
1952,216,2023-03-10,33,consider,26.57,9
1953,229,2022-10-07,92,bed,23.11,5
1954,444,2023-09-15,38,yet,81.35,8
1955,916,2022-10-10,93,family,50.43,10
1956,914,2022-11-28,54,hand,25.31,1
1957,723,2022-12-05,28,hotel,39.78,3
1958,315,2023-04-11,28,available,8.18,7
1959,909,2023-02-13,53,fly,56.38,4
1960,133,2023-09-27,38,ask,13.31,1
1961,339,2023-01-20,7,should,17.29,2
1962,544,2022-11-16,15,others,15.55,1
1963,122,2023-06-24,19,free,40.82,10
1964,313,2023-04-05,4,really,46.91,4
1965,622,2023-05-16,94,station,62.82,9
1966,13,2023-06-30,30,floor,20.66,10
1967,449,2023-02-02,34,you,87.76,10
1968,618,2023-08-06,24,most,91.58,9
1969,613,2023-04-11,51,customer,90.8,2
1970,171,2023-04-25,16,data,57.32,8
1971,160,2023-06-09,2,chair,62.2,5
1972,223,2023-05-05,16,know,29.68,8
1973,497,2023-05-26,29,former,30.63,10
1974,570,2023-02-14,56,fear,90.52,5
1975,992,2023-04-12,57,article,25.82,9
1976,430,2023-01-27,14,head,44.72,4
1977,125,2023-07-10,95,everything,39.57,10
1978,249,2023-04-13,85,born,86.71,1
1979,513,2023-09-26,87,certain,11.5,7
1980,366,2022-11-12,26,office,73.27,6
1981,447,2023-02-07,14,senior,9.35,8
1982,444,2023-08-19,40,west,30.96,10
1983,987,2022-10-09,36,arm,41.37,3
1984,644,2023-01-12,17,large,6.58,3
1985,44,2023-04-17,41,door,87.5,6
1986,543,2022-12-02,60,present,84.42,4
1987,411,2022-10-12,8,challenge,38.92,9
1988,393,2023-09-14,85,thing,67.42,10
1989,615,2023-08-17,52,stand,59.17,10
1990,603,2023-08-16,15,measure,65.43,5
1991,176,2022-11-06,82,use,67.47,10
1992,766,2023-03-08,70,measure,43.45,3
1993,671,2022-10-19,74,drive,12.67,5
1994,446,2023-08-12,39,without,76.28,10
1995,3,2023-04-21,64,single,24.44,5
1996,811,2023-08-02,26,throughout,6.26,10
1997,692,2022-11-13,66,ever,34.21,7
1998,760,2023-06-06,97,animal,39.41,7
1999,950,2023-05-11,47,simply,73.74,7
2000,863,2023-04-22,27,discuss,34.69,1
2001,61,2022-10-31,14,determine,64.18,7
2002,113,2022-11-14,54,no,36.93,4
2003,349,2023-07-26,43,child,97.02,6
2004,379,2023-05-18,19,task,34.69,2
2005,261,2022-10-11,44,itself,99.86,5
2006,653,2023-08-17,37,unit,88.82,7
2007,599,2023-04-02,51,central,25.97,2
2008,236,2023-03-16,35,line,47.55,3
2009,817,2022-12-30,37,power,93.43,5
2010,49,2023-04-20,2,bit,27.7,6
2011,962,2023-06-13,85,something,64.46,8
2012,653,2023-06-21,8,pressure,30.98,8
2013,222,2023-07-04,30,live,36.68,2
2014,269,2022-10-24,63,role,49.48,7
2015,814,2023-07-16,96,under,39.53,10
2016,557,2023-06-28,24,anything,13.64,2
2017,129,2023-07-26,52,science,30.85,9
2018,607,2023-04-20,91,trade,86.51,9
2019,171,2023-09-10,91,point,93.29,7
2020,902,2023-09-19,32,bit,40.52,5
2021,903,2022-10-26,97,wonder,36.29,5
2022,223,2022-10-01,13,yet,32.69,7
2023,410,2022-10-29,44,stock,49.17,2
2024,687,2023-07-26,9,may,93.31,9
2025,250,2023-08-27,22,hold,48.47,10
2026,369,2022-10-24,97,interview,30.25,3
2027,809,2022-11-10,1,yes,71.06,6
2028,455,2022-10-15,37,high,67.82,10
2029,319,2022-12-20,90,available,64.64,6
2030,184,2023-02-03,85,with,96.09,10
2031,304,2023-02-24,21,activity,7.48,8
2032,910,2023-07-25,16,never,89.85,8
2033,786,2023-07-20,11,thing,8.35,7
2034,231,2023-05-05,36,turn,17.15,8
2035,458,2023-04-15,12,whose,66.59,6
2036,715,2023-03-07,54,both,83.25,5
2037,509,2022-10-15,61,food,47.85,10
2038,949,2023-08-15,40,scene,12.89,2
2039,987,2022-11-19,10,green,90.86,7
2040,452,2022-11-05,9,job,89.58,8
2041,859,2023-07-28,83,use,7.15,9
2042,183,2023-04-04,19,all,77.74,7
2043,864,2023-08-20,72,letter,69.89,3
2044,954,2022-11-03,89,evidence,36.88,4
2045,493,2023-07-11,51,compare,21.09,6
2046,164,2022-10-31,59,different,14.2,3
2047,341,2023-06-22,100,television,8.55,2
2048,307,2023-04-11,40,approach,82.0,3
2049,600,2022-11-21,86,bag,93.55,4
2050,403,2023-05-21,61,term,72.71,1
2051,276,2023-05-07,81,sometimes,78.82,7
2052,584,2023-02-25,15,follow,33.22,9
2053,566,2023-03-01,49,about,32.42,2
2054,460,2022-11-23,90,doctor,26.41,8
2055,22,2023-09-22,31,let,81.71,2
2056,23,2023-09-18,43,off,45.25,5
2057,41,2022-12-16,14,owner,82.57,2
2058,871,2023-04-28,40,future,49.52,5
2059,753,2022-10-30,18,goal,45.71,6
2060,266,2023-01-04,54,garden,45.08,9
2061,320,2023-02-17,74,task,81.37,7
2062,244,2022-10-10,91,person,64.72,8
2063,294,2023-08-06,18,eight,14.26,3
2064,133,2022-10-02,33,impact,94.54,5
2065,284,2023-09-14,14,safe,35.1,1
2066,202,2022-10-18,9,pass,59.79,6
2067,543,2023-08-11,6,feel,30.31,8
2068,438,2022-11-28,16,decide,21.19,4
2069,238,2023-05-22,77,drop,34.81,3
2070,848,2023-05-23,5,old,92.08,1
2071,201,2022-10-11,13,economy,73.86,1
2072,906,2022-12-24,64,customer,13.7,4
2073,517,2023-06-28,46,near,73.01,7
2074,164,2022-11-23,99,share,27.85,9
2075,949,2022-12-24,89,traditional,57.77,3
2076,465,2023-05-21,50,shake,24.14,1
2077,543,2023-02-02,98,lead,63.7,7
2078,583,2023-08-18,92,onto,51.82,3
2079,417,2023-02-27,79,smile,84.05,9
2080,521,2023-06-14,88,dog,12.3,10
2081,841,2023-06-02,22,black,35.03,10
2082,165,2023-04-14,79,new,44.09,6
2083,657,2023-07-27,79,important,45.13,7
2084,298,2022-12-27,27,test,43.48,10
2085,427,2022-11-17,65,building,71.88,4
2086,742,2023-08-11,59,amount,13.15,10
2087,488,2023-06-18,68,any,8.4,6
2088,796,2023-05-18,100,vote,91.36,6
2089,496,2023-07-15,82,born,73.06,5
2090,781,2022-10-02,74,chair,87.47,9
2091,74,2022-12-04,8,along,83.59,5
2092,848,2023-03-15,24,four,89.41,4
2093,683,2023-03-17,12,go,14.0,10
2094,195,2022-10-16,5,fire,33.83,5
2095,87,2023-08-31,66,important,62.78,1
2096,20,2023-09-26,95,commercial,17.32,4
2097,87,2023-03-04,55,else,17.45,10
2098,763,2023-06-21,78,minute,91.28,6
2099,79,2023-09-06,27,rock,79.79,4
2100,485,2023-07-07,100,push,58.82,2
2101,893,2023-01-02,67,husband,26.19,9
2102,475,2023-09-18,21,hand,48.49,6
2103,256,2022-12-31,18,allow,15.75,8
2104,908,2023-09-23,65,generation,68.26,1
2105,922,2023-03-16,52,station,25.64,8
2106,602,2023-07-08,17,spring,79.44,7
2107,41,2023-01-18,72,agreement,79.66,9
2108,254,2023-09-09,69,cause,60.02,1
2109,796,2023-03-31,17,war,13.47,2
2110,226,2022-12-25,90,good,71.91,3
2111,398,2023-08-26,48,more,24.63,7
2112,963,2023-08-11,26,nor,72.68,3
2113,731,2022-10-18,30,look,49.72,7
2114,307,2022-11-10,46,would,19.97,5
2115,305,2023-07-25,90,company,88.61,6
2116,245,2023-09-25,32,order,71.82,7
2117,673,2023-06-13,81,should,92.07,7
2118,999,2023-01-18,37,accept,76.42,4
2119,173,2023-07-22,6,security,35.21,6
2120,920,2023-05-29,86,likely,62.45,1
2121,298,2022-10-12,25,lawyer,83.33,3
2122,662,2023-03-10,6,style,72.04,9
2123,862,2023-06-05,27,cut,40.1,7
2124,234,2023-04-09,68,significant,17.16,3
2125,844,2023-04-13,87,development,50.82,10
2126,833,2022-10-06,19,value,72.87,10
2127,41,2022-10-07,52,behavior,17.61,4
2128,693,2023-01-13,73,throughout,41.32,8
2129,4,2023-03-27,100,form,43.31,9
2130,128,2023-04-05,34,skin,49.0,6
2131,496,2023-07-29,7,hundred,51.06,3
2132,710,2023-08-06,79,leader,96.35,8
2133,336,2023-03-04,85,suddenly,10.76,4
2134,603,2022-11-21,86,material,75.08,1
